,taz_p,GEOID
0,1,53033000500
1,2,53033000402
2,3,53033000401
3,4,53033000401
4,5,53033000300
5,6,53033000300
6,7,53033000600
7,8,53033000600
8,9,53033000300
9,10,53033000300
10,11,53033000200
11,12,53033000200
12,13,53033000200
13,14,53033000200
14,15,53033000200
15,16,53033000200
16,17,53033000100
17,18,53033000100
18,19,53033000100
19,20,53033000100
20,21,53033000900
21,22,53033000800
22,23,53033000700
23,24,53033000700
24,25,53033000700
25,26,53033000600
26,27,53033000600
27,28,53033000600
28,29,53033000600
29,30,53033000600
30,31,53033000600
31,32,53033000402
32,33,53033000402
33,34,53033000402
34,35,53033000402
35,36,53033000402
36,37,53033000402
37,38,53033000500
38,39,53033001600
39,40,53033990100
40,41,53033001400
41,42,53033001400
42,43,53033001400
43,44,53033000402
44,45,53033000600
45,46,53033001200
46,47,53033001200
47,48,53033001200
48,49,53033000600
49,50,53033001100
50,51,53033001100
51,52,53033001000
52,53,53033001000
53,54,53033000800
54,55,53033000800
55,56,53033000900
56,57,53033002200
57,58,53033002200
58,59,53033001000
59,60,53033001000
60,61,53033002100
61,62,53033001100
62,63,53033001100
63,64,53033002000
64,65,53033001200
65,66,53033002000
66,67,53033001200
67,68,53033001900
68,69,53033001900
69,70,53033001900
70,71,53033001900
71,72,53033001900
72,73,53033000600
73,74,53033001800
74,75,53033001300
75,76,53033001300
76,77,53033001300
77,78,53033001300
78,79,53033001701
79,80,53033001702
80,81,53033001702
81,82,53033001702
82,83,53033001600
83,84,53033990100
84,85,53033001500
85,86,53033001600
86,87,53033001702
87,88,53033001702
88,89,53033001702
89,90,53033001702
90,91,53033001701
91,92,53033001800
92,93,53033001800
93,94,53033001900
94,95,53033001900
95,96,53033001900
96,97,53033002000
97,98,53033002600
98,99,53033002100
99,100,53033002100
100,101,53033002100
101,102,53033002200
102,103,53033002400
103,104,53033002200
104,105,53033004000
105,106,53033002200
106,107,53033002200
107,108,53033002400
108,109,53033002400
109,110,53033002400
110,111,53033002400
111,112,53033002400
112,113,53033002400
113,114,53033002500
114,115,53033002500
115,116,53033002500
116,117,53033002500
117,118,53033002600
118,119,53033002600
119,120,53033002600
120,121,53033002600
121,122,53033002600
122,123,53033002700
123,124,53033003600
124,125,53033002700
125,126,53033002700
126,127,53033002700
127,128,53033002700
128,129,53033002700
129,130,53033002700
130,131,53033002800
131,132,53033002800
132,133,53033002800
133,134,53033002800
134,135,53033002900
135,136,53033002900
136,137,53033002900
137,138,53033002900
138,139,53033003000
139,140,53033003000
140,141,53033003000
141,142,53033003000
142,143,53033003000
143,144,53033003000
144,145,53033003100
145,146,53033003100
146,147,53033003100
147,148,53033003100
148,149,53033003100
149,150,53033003100
150,151,53033990100
151,152,53033990100
152,153,53033003100
153,154,53033003200
154,155,53033003200
155,156,53033003100
156,157,53033003200
157,158,53033003100
158,159,53033003300
159,160,53033003000
160,161,53033003300
161,162,53033003000
162,163,53033003300
163,164,53033003000
164,165,53033003300
165,166,53033002900
166,167,53033003400
167,168,53033002900
168,169,53033003500
169,170,53033002800
170,171,53033003500
171,172,53033002800
172,173,53033003500
173,174,53033004600
174,175,53033003600
175,176,53033003600
176,177,53033003600
177,178,53033003600
178,179,53033003600
179,180,53033003600
180,181,53033002600
181,182,53033002600
182,183,53033002600
183,184,53033002600
184,185,53033002500
185,186,53033002500
186,187,53033003800
187,188,53033003800
188,189,53033003800
189,190,53033003800
190,191,53033003900
191,192,53033003900
192,193,53033003900
193,194,53033003900
194,195,53033003900
195,196,53033004000
196,197,53033004000
197,198,53033004000
198,199,53033004000
199,200,53033004000
200,201,53033004100
201,202,53033004100
202,203,53033004200
203,204,53033004200
204,205,53033004200
205,206,53033004200
206,207,53033004200
207,208,53033004200
208,209,53033004200
209,210,53033004200
210,211,53033004200
211,212,53033004301
212,213,53033004301
213,214,53033004301
214,215,53033004301
215,216,53033004400
216,217,53033004400
217,218,53033004400
218,219,53033004400
219,220,53033003600
220,221,53033004500
221,222,53033003600
222,223,53033004500
223,224,53033003600
224,225,53033004500
225,226,53033004600
226,227,53033004600
227,228,53033004600
228,229,53033004600
229,230,53033004600
230,231,53033003500
231,232,53033003500
232,233,53033003500
233,234,53033003500
234,235,53033003400
235,236,53033003400
236,237,53033003300
237,238,53033004700
238,239,53033003300
239,240,53033004700
240,241,53033003300
241,242,53033004700
242,243,53033003300
243,244,53033004700
244,245,53033003200
245,246,53033003200
246,247,53033003200
247,248,53033003200
248,249,53033003200
249,250,53033003200
250,251,53033003200
251,252,53033003200
252,253,53033003200
253,254,53033004700
254,255,53033004700
255,256,53033004700
256,257,53033004700
257,258,53033004700
258,259,53033004700
259,260,53033004700
260,261,53033004700
261,262,53033004800
262,263,53033004800
263,264,53033004800
264,265,53033004800
265,266,53033004900
266,267,53033004900
267,268,53033004900
268,269,53033005000
269,270,53033005000
270,271,53033004600
271,272,53033005000
272,273,53033005100
273,274,53033004600
274,275,53033005100
275,276,53033004500
276,277,53033004500
277,278,53033005200
278,279,53033004500
279,280,53033005200
280,281,53033004400
281,282,53033005301
282,283,53033004400
283,284,53033005301
284,285,53033004302
285,286,53033004302
286,287,53033004302
287,288,53033004301
288,289,53033004301
289,290,53033004200
290,291,53033004200
291,292,53033004200
292,293,53033004200
293,294,53033004200
294,295,53033004100
295,296,53033004100
296,297,53033004100
297,298,53033004100
298,299,53033004100
299,300,53033004100
300,301,53033005302
301,302,53033005302
302,303,53033005302
303,304,53033005302
304,305,53033005302
305,306,53033005302
306,307,53033005200
307,308,53033005200
308,309,53033005200
309,310,53033005200
310,311,53033005100
311,312,53033005400
312,313,53033005400
313,314,53033005400
314,315,53033005400
315,316,53033005400
316,317,53033005400
317,318,53033005400
318,319,53033004900
319,320,53033004900
320,321,53033004900
321,322,53033004900
322,323,53033004900
323,324,53033004900
324,325,53033004800
325,326,53033004800
326,327,53033004800
327,328,53033004800
328,329,53033004800
329,330,53033004700
330,331,53033990100
331,332,53033990100
332,333,53033005700
333,334,53033005801
334,335,53033005801
335,336,53033005900
336,337,53033006000
337,338,53033006000
338,339,53033005900
339,340,53033005900
340,341,53033005801
341,342,53033005801
342,343,53033005801
343,344,53033005700
344,345,53033005700
345,346,53033990100
346,347,53033990100
347,348,53033005600
348,349,53033005700
349,350,53033005700
350,351,53033005802
351,352,53033005900
352,353,53033005900
353,354,53033005900
354,355,53033006000
355,356,53033006000
356,357,53033006000
357,358,53033006000
358,359,53033006000
359,360,53033006100
360,361,53033006100
361,362,53033006100
362,363,53033006100
363,364,53033006100
364,365,53033006500
365,366,53033006200
366,367,53033006200
367,368,53033006200
368,369,53033006200
369,370,53033006200
370,371,53033006200
371,372,53033006300
372,373,53033006300
373,374,53033006200
374,375,53033006200
375,376,53033006200
376,377,53033006200
377,378,53033006200
378,379,53033006500
379,380,53033006500
380,381,53033006600
381,382,53033006600
382,383,53033006600
383,384,53033006700
384,385,53033006700
385,386,53033006800
386,387,53033006900
387,388,53033006900
388,389,53033005802
389,390,53033990100
390,391,53033005600
391,392,53033005600
392,393,53033005600
393,394,53033007100
394,395,53033006900
395,396,53033006900
396,397,53033007000
397,398,53033007000
398,399,53033007000
399,400,53033007000
400,401,53033006700
401,402,53033007200
402,403,53033007200
403,404,53033006700
404,405,53033006600
405,406,53033006600
406,407,53033006600
407,408,53033006500
408,409,53033006500
409,410,53033006400
410,411,53033006400
411,412,53033006400
412,413,53033006400
413,414,53033006300
414,415,53033006300
415,416,53033007800
416,417,53033007800
417,418,53033007800
418,419,53033007800
419,420,53033007700
420,421,53033007700
421,422,53033007700
422,423,53033007600
423,424,53033007600
424,425,53033007500
425,426,53033007500
426,427,53033007402
427,428,53033007401
428,429,53033007402
429,430,53033007300
430,431,53033007300
431,432,53033007300
432,433,53033007300
433,434,53033007200
434,435,53033007200
435,436,53033007200
436,437,53033007200
437,438,53033007100
438,439,53033007200
439,440,53033007100
440,441,53033007100
441,442,53033007100
442,443,53033007100
443,444,53033990100
444,445,53033990100
445,446,53033008001
446,447,53033008001
447,448,53033008001
448,449,53033990100
449,450,53033008001
450,451,53033008001
451,452,53033008001
452,453,53033008001
453,454,53033008001
454,455,53033007200
455,456,53033007200
456,457,53033008002
457,458,53033008002
458,459,53033008002
459,460,53033008001
460,461,53033008001
461,462,53033007200
462,463,53033007200
463,464,53033007200
464,465,53033007200
465,466,53033007200
466,467,53033008002
467,468,53033008002
468,469,53033008002
469,470,53033008002
470,471,53033007200
471,472,53033007200
472,473,53033007200
473,474,53033007200
474,475,53033007200
475,476,53033007300
476,477,53033007300
477,478,53033990100
478,479,53033008100
479,480,53033008002
480,481,53033008002
481,482,53033008002
482,483,53033007200
483,484,53033007200
484,485,53033007300
485,486,53033007300
486,487,53033007300
487,488,53033007300
488,489,53033007300
489,490,53033007300
490,491,53033007300
491,492,53033007300
492,493,53033007300
493,494,53033007300
494,495,53033007300
495,496,53033007300
496,497,53033007300
497,498,53033008100
498,499,53033008100
499,500,53033008100
500,501,53033008100
501,502,53033008100
502,503,53033008200
503,504,53033008200
504,505,53033008200
505,506,53033008200
506,507,53033008300
507,508,53033008100
508,509,53033008100
509,510,53033008100
510,511,53033008100
511,512,53033008100
512,513,53033008100
513,514,53033008200
514,515,53033008200
515,516,53033008200
516,517,53033008200
517,518,53033008100
518,519,53033008100
519,520,53033008100
520,521,53033008100
521,522,53033008100
522,523,53033008100
523,524,53033008200
524,525,53033008200
525,526,53033008100
526,527,53033008100
527,528,53033008100
528,529,53033008100
529,530,53033008100
530,531,53033008100
531,532,53033008200
532,533,53033008100
533,534,53033008100
534,535,53033008100
535,536,53033008100
536,537,53033008100
537,538,53033008100
538,539,53033008500
539,540,53033008100
540,541,53033008100
541,542,53033008100
542,543,53033008100
543,544,53033008500
544,545,53033008100
545,546,53033008500
546,547,53033007402
547,548,53033008400
548,549,53033007402
549,550,53033007402
550,551,53033007402
551,552,53033007402
552,553,53033007500
553,554,53033007500
554,555,53033007900
555,556,53033007900
556,557,53033007900
557,558,53033007700
558,559,53033007800
559,560,53033007800
560,561,53033007800
561,562,53033007700
562,563,53033007900
563,564,53033007900
564,565,53033007500
565,566,53033007500
566,567,53033008400
567,568,53033008400
568,569,53033008400
569,570,53033008300
570,571,53033008300
571,572,53033008200
572,573,53033008300
573,574,53033008400
574,575,53033008400
575,576,53033008400
576,577,53033008500
577,578,53033008500
578,579,53033008500
579,580,53033008500
580,581,53033008400
581,582,53033008500
582,583,53033008500
583,584,53033008600
584,585,53033008600
585,586,53033008700
586,587,53033008700
587,588,53033008800
588,589,53033008800
589,590,53033007800
590,591,53033007800
591,592,53033007800
592,593,53033007800
593,594,53033008800
594,595,53033008800
595,596,53033008800
596,597,53033008800
597,598,53033008700
598,599,53033008700
599,600,53033008700
600,601,53033008700
601,602,53033008600
602,603,53033008600
603,604,53033008600
604,605,53033008600
605,606,53033008500
606,607,53033008500
607,608,53033008600
608,609,53033008500
609,610,53033009200
610,611,53033009200
611,612,53033009200
612,613,53033009200
613,614,53033009200
614,615,53033009100
615,616,53033009000
616,617,53033009000
617,618,53033009000
618,619,53033008900
619,620,53033008900
620,621,53033008900
621,622,53033008900
622,623,53033008900
623,624,53033009000
624,625,53033009000
625,626,53033009000
626,627,53033009100
627,628,53033009100
628,629,53033009100
629,630,53033009300
630,631,53033009300
631,632,53033009300
632,633,53033009300
633,634,53033009300
634,635,53033009300
635,636,53033009400
636,637,53033009400
637,638,53033008900
638,639,53033008900
639,640,53033008900
640,641,53033009500
641,642,53033009500
642,643,53033009500
643,644,53033009500
644,645,53033009500
645,646,53033009400
646,647,53033009400
647,648,53033009400
648,649,53033009400
649,650,53033009300
650,651,53033009300
651,652,53033009300
652,653,53033009300
653,654,53033009300
654,655,53033009300
655,656,53033009300
656,657,53033009300
657,658,53033010002
658,659,53033010001
659,660,53033009500
660,661,53033009500
661,662,53033009500
662,663,53033009500
663,664,53033010100
664,665,53033009500
665,666,53033010001
666,667,53033010002
667,668,53033010002
668,669,53033010002
669,670,53033009300
670,671,53033009300
671,672,53033009300
672,673,53033009300
673,674,53033990100
674,675,53033009900
675,676,53033990100
676,677,53033009600
677,678,53033009600
678,679,53033009600
679,680,53033009702
680,681,53033009702
681,682,53033009800
682,683,53033009800
683,684,53033009900
684,685,53033009900
685,686,53033009900
686,687,53033009900
687,688,53033009800
688,689,53033009800
689,690,53033009702
690,691,53033009701
691,692,53033009702
692,693,53033990100
693,694,53033009701
694,695,53033009702
695,696,53033009800
696,697,53033009800
697,698,53033010500
698,699,53033009900
699,700,53033009900
700,701,53033009900
701,702,53033009900
702,703,53033009900
703,704,53033009300
704,705,53033009300
705,706,53033009300
706,707,53033009300
707,708,53033010001
708,709,53033010001
709,710,53033010001
710,711,53033010001
711,712,53033010100
712,713,53033010100
713,714,53033010100
714,715,53033010300
715,716,53033010100
716,717,53033010100
717,718,53033010200
718,719,53033010200
719,720,53033010300
720,721,53033010300
721,722,53033010401
722,723,53033010402
723,724,53033010402
724,725,53033009300
725,726,53033009300
726,727,53033009300
727,728,53033009300
728,729,53033010800
729,730,53033010800
730,731,53033009900
731,732,53033010500
732,733,53033010500
733,734,53033010500
734,735,53033010500
735,736,53033010500
736,737,53033010500
737,738,53033010500
738,739,53033010500
739,740,53033010500
740,741,53033010600
741,742,53033010600
742,743,53033990100
743,744,53033010600
744,745,53033010600
745,746,53033010600
746,747,53033010600
747,748,53033010600
748,749,53033010600
749,750,53033010600
750,751,53033010702
751,752,53033010702
752,753,53033010701
753,754,53033010800
754,755,53033010800
755,756,53033010800
756,757,53033010800
757,758,53033010900
758,759,53033010900
759,760,53033010900
760,761,53033010900
761,762,53033010900
762,763,53033010402
763,764,53033010402
764,765,53033010402
765,766,53033010401
766,767,53033010300
767,768,53033010300
768,769,53033010200
769,770,53033011102
770,771,53033011102
771,772,53033011101
772,773,53033011101
773,774,53033011001
774,775,53033011002
775,776,53033011002
776,777,53033011002
777,778,53033010900
778,779,53033010900
779,780,53033010900
780,781,53033010800
781,782,53033010701
782,783,53033010701
783,784,53033011600
784,785,53033011600
785,786,53033011600
786,787,53033990100
787,788,53033011600
788,789,53033011600
789,790,53033011600
790,791,53033011500
791,792,53033011600
792,793,53033011500
793,794,53033011500
794,795,53033011401
795,796,53033011401
796,797,53033011402
797,798,53033011401
798,799,53033011402
799,800,53033011300
800,801,53033011300
801,802,53033011300
802,803,53033011300
803,804,53033011200
804,805,53033011200
805,806,53033026400
806,807,53033026300
807,808,53033010900
808,809,53033010900
809,810,53033011002
810,811,53033011002
811,812,53033011001
812,813,53033011001
813,814,53033011102
814,815,53033011102
815,816,53033011800
816,817,53033011800
817,818,53033011800
818,819,53033011800
819,820,53033011800
820,821,53033011700
821,822,53033011700
822,823,53033011700
823,824,53033026400
824,825,53033026400
825,826,53033011200
826,827,53033011200
827,828,53033026500
828,829,53033011300
829,830,53033011402
830,831,53033011402
831,832,53033011402
832,833,53033012000
833,834,53033012000
834,835,53033990100
835,836,53033012000
836,837,53033012000
837,838,53033012000
838,839,53033012100
839,840,53033012100
840,841,53033012100
841,842,53033026300
842,843,53033026300
843,844,53033026300
844,845,53033011700
845,846,53033011800
846,847,53033026300
847,848,53033011800
848,849,53033011800
849,850,53033011800
850,851,53033011900
851,852,53033011900
852,853,53033011900
853,854,53033011900
854,855,53033026001
855,856,53033011900
856,857,53033011900
857,858,53033011900
858,859,53033026600
859,860,53033026700
860,861,53033026600
861,862,53033026700
862,863,53033026500
863,864,53033026801
864,865,53033026500
865,866,53033026801
866,867,53033026500
867,868,53033026801
868,869,53033026500
869,870,53033026400
870,871,53033026400
871,872,53033026400
872,873,53033026300
873,874,53033026300
874,875,53033026001
875,876,53033026001
876,877,53033026300
877,878,53033026300
878,879,53033026400
879,880,53033026400
880,881,53033026400
881,882,53033026400
882,883,53033026400
883,884,53033026400
884,885,53033026400
885,886,53033027000
886,887,53033026801
887,888,53033026802
888,889,53033026802
889,890,53033026700
890,891,53033026700
891,892,53033026700
892,893,53033026700
893,894,53033026802
894,895,53033026802
895,896,53033026802
896,897,53033027000
897,898,53033027000
898,899,53033027000
899,900,53033026400
900,901,53033027100
901,902,53033027100
902,903,53033027100
903,904,53033027100
904,905,53033027200
905,906,53033027200
906,907,53033027200
907,908,53033026300
908,909,53033026100
909,910,53033026100
910,911,53033026100
911,912,53033026001
912,913,53033026001
913,914,53033025302
914,915,53033026002
915,916,53033026001
916,917,53033026100
917,918,53033026100
918,919,53033026100
919,920,53033026200
920,921,53033026200
921,922,53033027200
922,923,53033027200
923,924,53033027200
924,925,53033027200
925,926,53033027300
926,927,53033027300
927,928,53033027300
928,929,53033027300
929,930,53033027300
930,931,53033027300
931,932,53033027300
932,933,53033027400
933,934,53033027400
934,935,53033027500
935,936,53033027500
936,937,53033027500
937,938,53033990100
938,939,53033027600
939,940,53033027600
940,941,53033027900
941,942,53033027500
942,943,53033027900
943,944,53033027900
944,945,53033028000
945,946,53033028000
946,947,53033028000
947,948,53033027300
948,949,53033027300
949,950,53033028100
950,951,53033027300
951,952,53033028200
952,953,53033028200
953,954,53033026200
954,955,53033026200
955,956,53033026100
956,957,53033026002
957,958,53033026200
958,959,53033026200
959,960,53033026200
960,961,53033026002
961,962,53033025302
962,963,53033026200
963,964,53033026200
964,965,53033026200
965,966,53033026200
966,967,53033026200
967,968,53033026200
968,969,53033026200
969,970,53033026200
970,971,53033026200
971,972,53033026200
972,973,53033026200
973,974,53033026200
974,975,53033028200
975,976,53033028300
976,977,53033028300
977,978,53033028300
978,979,53033028402
979,980,53033028402
980,981,53033028402
981,982,53033028402
982,983,53033028402
983,984,53033028100
984,985,53033028500
985,986,53033028000
986,987,53033028500
987,988,53033028000
988,989,53033028000
989,990,53033028500
990,991,53033027900
991,992,53033027900
992,993,53033027900
993,994,53033027900
994,995,53033027900
995,996,53033990100
996,997,53033027900
997,998,53033027900
998,999,53033027900
999,1000,53033990100
1000,1001,53033027800
1001,1002,53033028600
1002,1003,53033028500
1003,1004,53033028500
1004,1005,53033028700
1005,1006,53033028700
1006,1007,53033028801
1007,1008,53033028801
1008,1009,53033028801
1009,1010,53033028801
1010,1011,53033028403
1011,1012,53033028802
1012,1013,53033028802
1013,1014,53033028802
1014,1015,53033028802
1015,1016,53033028300
1016,1017,53033028300
1017,1018,53033029206
1018,1019,53033029206
1019,1020,53033029206
1020,1021,53033029206
1021,1022,53033029206
1022,1023,53033029206
1023,1024,53033029206
1024,1025,53033029206
1025,1026,53033029206
1026,1027,53033028300
1027,1028,53033028300
1028,1029,53033028802
1029,1030,53033028802
1030,1031,53033028801
1031,1032,53033028801
1032,1033,53033028801
1033,1034,53033028700
1034,1035,53033028700
1035,1036,53033990100
1036,1037,53033990100
1037,1038,53033028901
1038,1039,53033028901
1039,1040,53033028902
1040,1041,53033028902
1041,1042,53033028902
1042,1043,53033029101
1043,1044,53033029206
1044,1045,53033029206
1045,1046,53033029206
1046,1047,53033029206
1047,1048,53033029206
1048,1049,53033029206
1049,1050,53033029206
1050,1051,53033029206
1051,1052,53033029206
1052,1053,53033029206
1053,1054,53033029801
1054,1055,53033029205
1055,1056,53033029101
1056,1057,53033029102
1057,1058,53033029102
1058,1059,53033029102
1059,1060,53033029004
1060,1061,53033029004
1061,1062,53033029004
1062,1063,53033029004
1063,1064,53033029004
1064,1065,53033029001
1065,1066,53033029001
1066,1067,53033990100
1067,1068,53033990100
1068,1069,53033990100
1069,1070,53033030003
1070,1071,53033030003
1071,1072,53033029801
1072,1073,53033029102
1073,1074,53033029801
1074,1075,53033030501
1075,1076,53033029802
1076,1077,53033029802
1077,1078,53033030004
1078,1079,53033030004
1079,1080,53033030004
1080,1081,53033030004
1081,1082,53033030003
1082,1083,53033030003
1083,1084,53033030100
1084,1085,53033990100
1085,1086,53033990100
1086,1087,53033030201
1087,1088,53033030202
1088,1089,53033030202
1089,1090,53033030005
1090,1091,53033030005
1091,1092,53033030006
1092,1093,53033030005
1093,1094,53033029802
1094,1095,53033029901
1095,1096,53033029902
1096,1097,53033029902
1097,1098,53033030501
1098,1099,53033030501
1099,1100,53033029902
1100,1101,53033029901
1101,1102,53033029901
1102,1103,53033030006
1103,1104,53033030006
1104,1105,53033030202
1105,1106,53033030202
1106,1107,53033030201
1107,1108,53033030201
1108,1109,53033030305
1109,1110,53033990100
1110,1111,53033030305
1111,1112,53033030306
1112,1113,53033030306
1113,1114,53033030306
1114,1115,53033030306
1115,1116,53033030311
1116,1117,53033030312
1117,1118,53033030311
1118,1119,53033030308
1119,1120,53033030308
1120,1121,53033030309
1121,1122,53033030309
1122,1123,53033030314
1123,1124,53033030314
1124,1125,53033030313
1125,1126,53033030313
1126,1127,53033030401
1127,1128,53033030401
1128,1129,53033030901
1129,1130,53033030401
1130,1131,53033030401
1131,1132,53033030401
1132,1133,53033030401
1133,1134,53033030313
1134,1135,53033030304
1135,1136,53033030304
1136,1137,53033030313
1137,1138,53033030304
1138,1139,53033030309
1139,1140,53033030310
1140,1141,53033030310
1141,1142,53033030310
1142,1143,53033030312
1143,1144,53033030312
1144,1145,53033030304
1145,1146,53033030304
1146,1147,53033030304
1147,1148,53033030304
1148,1149,53033030403
1149,1150,53033030403
1150,1151,53033030404
1151,1152,53033030404
1152,1153,53033030404
1153,1154,53033030901
1154,1155,53033030902
1155,1156,53033030902
1156,1157,53033031000
1157,1158,53033031000
1158,1159,53033031000
1159,1160,53033031100
1160,1161,53033030801
1161,1162,53033030902
1162,1163,53033030902
1163,1164,53033030902
1164,1165,53033030901
1165,1166,53033030801
1166,1167,53033030902
1167,1168,53033030802
1168,1169,53033031100
1169,1170,53033031100
1170,1171,53033031202
1171,1172,53033031100
1172,1173,53033030700
1173,1174,53033030700
1174,1175,53033030501
1175,1176,53033030501
1176,1177,53033030501
1177,1178,53033030600
1178,1179,53033030600
1179,1180,53033030501
1180,1181,53033030600
1181,1182,53033030600
1182,1183,53033030600
1183,1184,53033030504
1184,1185,53033030600
1185,1186,53033030600
1186,1187,53033031206
1187,1188,53033031206
1188,1189,53033031206
1189,1190,53033031206
1190,1191,53033031205
1191,1192,53033030504
1192,1193,53033030501
1193,1194,53033030501
1194,1195,53033030501
1195,1196,53033030504
1196,1197,53033030504
1197,1198,53033030503
1198,1199,53033030503
1199,1200,53033030503
1200,1201,53033031205
1201,1202,53033029602
1202,1203,53033031205
1203,1204,53033029602
1204,1205,53033029602
1205,1206,53033031205
1206,1207,53033029602
1207,1208,53033029602
1208,1209,53033031205
1209,1210,53033031704
1210,1211,53033031704
1211,1212,53033031704
1212,1213,53033029602
1213,1214,53033029601
1214,1215,53033029700
1215,1216,53033030503
1216,1217,53033030501
1217,1218,53033030501
1218,1219,53033030501
1219,1220,53033030501
1220,1221,53033029700
1221,1222,53033030503
1222,1223,53033029700
1223,1224,53033029503
1224,1225,53033029503
1225,1226,53033029601
1226,1227,53033029503
1227,1228,53033029601
1228,1229,53033029502
1229,1230,53033029502
1230,1231,53033029502
1231,1232,53033031703
1232,1233,53033031703
1233,1234,53033031706
1234,1235,53033032005
1235,1236,53033032005
1236,1237,53033031705
1237,1238,53033031703
1238,1239,53033031703
1239,1240,53033029502
1240,1241,53033029502
1241,1242,53033029502
1242,1243,53033029502
1243,1244,53033029504
1244,1245,53033029504
1245,1246,53033029504
1246,1247,53033029503
1247,1248,53033029503
1248,1249,53033029700
1249,1250,53033029203
1250,1251,53033029203
1251,1252,53033029203
1252,1253,53033029700
1253,1254,53033029700
1254,1255,53033029700
1255,1256,53033029203
1256,1257,53033029700
1257,1258,53033029700
1258,1259,53033029700
1259,1260,53033029203
1260,1261,53033029203
1261,1262,53033029203
1262,1263,53033029204
1263,1264,53033029204
1264,1265,53033029407
1265,1266,53033029408
1266,1267,53033029408
1267,1268,53033029408
1268,1269,53033029406
1269,1270,53033029406
1270,1271,53033029406
1271,1272,53033031800
1272,1273,53033031800
1273,1274,53033031800
1274,1275,53033031800
1275,1276,53033031800
1276,1277,53033031800
1277,1278,53033031800
1278,1279,53033032007
1279,1280,53033032007
1280,1281,53033032007
1281,1282,53033031800
1282,1283,53033031800
1283,1284,53033031800
1284,1285,53033031800
1285,1286,53033031800
1286,1287,53033029307
1287,1288,53033029307
1288,1289,53033029307
1289,1290,53033029406
1290,1291,53033029405
1291,1292,53033029307
1292,1293,53033029406
1293,1294,53033029405
1294,1295,53033029306
1295,1296,53033029306
1296,1297,53033029403
1297,1298,53033029403
1298,1299,53033029306
1299,1300,53033029407
1300,1301,53033029403
1301,1302,53033029305
1302,1303,53033029204
1303,1304,53033029305
1304,1305,53033029305
1305,1306,53033029303
1306,1307,53033029303
1307,1308,53033029303
1308,1309,53033029303
1309,1310,53033029304
1310,1311,53033029304
1311,1312,53033029304
1312,1313,53033029304
1313,1314,53033031909
1314,1315,53033031909
1315,1316,53033031906
1316,1317,53033031906
1317,1318,53033032002
1318,1319,53033032002
1319,1320,53033032002
1320,1321,53033032002
1321,1322,53033032002
1322,1323,53033032102
1323,1324,53033032102
1324,1325,53033031904
1325,1326,53033031906
1326,1327,53033031907
1327,1328,53033031907
1328,1329,53033031907
1329,1330,53033031907
1330,1331,53033031907
1331,1332,53033025803
1332,1333,53033025702
1333,1334,53033025702
1334,1335,53033025702
1335,1336,53033025803
1336,1337,53033025803
1337,1338,53033025804
1338,1339,53033025701
1339,1340,53033025805
1340,1341,53033025805
1341,1342,53033025805
1342,1343,53033025701
1343,1344,53033025806
1344,1345,53033025806
1345,1346,53033025806
1346,1347,53033025806
1347,1348,53033025806
1348,1349,53033025302
1349,1350,53033025302
1350,1351,53033025302
1351,1352,53033025302
1352,1353,53033025302
1353,1354,53033025302
1354,1355,53033025302
1355,1356,53033025301
1356,1357,53033025701
1357,1358,53033025701
1358,1359,53033025601
1359,1360,53033025601
1360,1361,53033025602
1361,1362,53033025602
1362,1363,53033025602
1363,1364,53033025602
1364,1365,53033025602
1365,1366,53033031903
1366,1367,53033031903
1367,1368,53033031903
1368,1369,53033031903
1369,1370,53033031903
1370,1371,53033031903
1371,1372,53033031903
1372,1373,53033031903
1373,1374,53033031904
1374,1375,53033031904
1375,1376,53033031904
1376,1377,53033032102
1377,1378,53033032102
1378,1379,53033032102
1379,1380,53033032102
1380,1381,53033032104
1381,1382,53033032104
1382,1383,53033031903
1383,1384,53033031903
1384,1385,53033025006
1385,1386,53033025102
1386,1387,53033025102
1387,1388,53033025102
1388,1389,53033025102
1389,1390,53033025102
1390,1391,53033025102
1391,1392,53033025102
1392,1393,53033025101
1393,1394,53033025102
1394,1395,53033025102
1395,1396,53033025101
1396,1397,53033025500
1397,1398,53033025500
1398,1399,53033025500
1399,1400,53033025200
1400,1401,53033025400
1401,1402,53033025400
1402,1403,53033025400
1403,1404,53033025200
1404,1405,53033025400
1405,1406,53033025400
1406,1407,53033025400
1407,1408,53033025200
1408,1409,53033025301
1409,1410,53033025302
1410,1411,53033025301
1411,1412,53033025301
1412,1413,53033025302
1413,1414,53033025302
1414,1415,53033025301
1415,1416,53033025301
1416,1417,53033024702
1417,1418,53033024702
1418,1419,53033024702
1419,1420,53033024702
1420,1421,53033025001
1421,1422,53033024702
1422,1423,53033024702
1423,1424,53033025001
1424,1425,53033025001
1425,1426,53033025001
1426,1427,53033025005
1427,1428,53033025005
1428,1429,53033025005
1429,1430,53033024903
1430,1431,53033025006
1431,1432,53033025006
1432,1433,53033032104
1433,1434,53033032104
1434,1435,53033032104
1435,1436,53033032104
1436,1437,53033032104
1437,1438,53033032104
1438,1439,53033032103
1439,1440,53033032103
1440,1441,53033032103
1441,1442,53033032103
1442,1443,53033032103
1443,1444,53033032208
1444,1445,53033032208
1445,1446,53033032208
1446,1447,53033032103
1447,1448,53033032103
1448,1449,53033025003
1449,1450,53033023404
1450,1451,53033025003
1451,1452,53033025003
1452,1453,53033025003
1453,1454,53033024902
1454,1455,53033024903
1455,1456,53033024902
1456,1457,53033024901
1457,1458,53033025005
1458,1459,53033025001
1459,1460,53033024701
1460,1461,53033023900
1461,1462,53033023900
1462,1463,53033024701
1463,1464,53033024701
1464,1465,53033024800
1465,1466,53033024800
1466,1467,53033024800
1467,1468,53033024800
1468,1469,53033024901
1469,1470,53033024800
1470,1471,53033024800
1471,1472,53033024800
1472,1473,53033024902
1473,1474,53033024902
1474,1475,53033024800
1475,1476,53033024800
1476,1477,53033024902
1477,1478,53033024902
1478,1479,53033025003
1479,1480,53033024602
1480,1481,53033024602
1481,1482,53033024601
1482,1483,53033024602
1483,1484,53033024601
1484,1485,53033024602
1485,1486,53033024601
1486,1487,53033024500
1487,1488,53033024500
1488,1489,53033024601
1489,1490,53033024500
1490,1491,53033024400
1491,1492,53033024300
1492,1493,53033024300
1493,1494,53033024300
1494,1495,53033024300
1495,1496,53033024300
1496,1497,53033024300
1497,1498,53033024400
1498,1499,53033023900
1499,1500,53033023900
1500,1501,53033023900
1501,1502,53033023900
1502,1503,53033023900
1503,1504,53033023801
1504,1505,53033023801
1505,1506,53033023500
1506,1507,53033023500
1507,1508,53033023500
1508,1509,53033023401
1509,1510,53033023604
1510,1511,53033023401
1511,1512,53033023401
1512,1513,53033023401
1513,1514,53033023401
1514,1515,53033023401
1515,1516,53033023401
1516,1517,53033023403
1517,1518,53033023404
1518,1519,53033023403
1519,1520,53033023300
1520,1521,53033023100
1521,1522,53033023100
1522,1523,53033023300
1523,1524,53033023300
1524,1525,53033023300
1525,1526,53033023300
1526,1527,53033023604
1527,1528,53033023604
1528,1529,53033023604
1529,1530,53033023604
1530,1531,53033023601
1531,1532,53033023601
1532,1533,53033023601
1533,1534,53033023801
1534,1535,53033023801
1535,1536,53033023801
1536,1537,53033023804
1537,1538,53033023900
1538,1539,53033023804
1539,1540,53033023804
1540,1541,53033024200
1541,1542,53033024200
1542,1543,53033024000
1543,1544,53033023804
1544,1545,53033023804
1545,1546,53033023803
1546,1547,53033023804
1547,1548,53033023804
1548,1549,53033023803
1549,1550,53033023804
1550,1551,53033023804
1551,1552,53033023803
1552,1553,53033023804
1553,1554,53033023804
1554,1555,53033023803
1555,1556,53033023601
1556,1557,53033023700
1557,1558,53033023601
1558,1559,53033023601
1559,1560,53033023601
1560,1561,53033023601
1561,1562,53033023603
1562,1563,53033023603
1563,1564,53033023603
1564,1565,53033023603
1565,1566,53033023201
1566,1567,53033023201
1567,1568,53033023201
1568,1569,53033023201
1569,1570,53033023202
1570,1571,53033023100
1571,1572,53033023100
1572,1573,53033023000
1573,1574,53033022902
1574,1575,53033022902
1575,1576,53033023000
1576,1577,53033022902
1577,1578,53033023000
1578,1579,53033022803
1579,1580,53033023700
1580,1581,53033022801
1581,1582,53033023700
1582,1583,53033023700
1583,1584,53033023700
1584,1585,53033023700
1585,1586,53033023700
1586,1587,53033023700
1587,1588,53033023700
1588,1589,53033024000
1589,1590,53033024000
1590,1591,53033024000
1591,1592,53033024100
1592,1593,53033024100
1593,1594,53033024100
1594,1595,53033024200
1595,1596,53033024100
1596,1597,53033024200
1597,1598,53033024100
1598,1599,53033024100
1599,1600,53033024100
1600,1601,53033024100
1601,1602,53033024000
1602,1603,53033022701
1603,1604,53033024000
1604,1605,53033024000
1605,1606,53033023700
1606,1607,53033023700
1607,1608,53033023700
1608,1609,53033022703
1609,1610,53033022801
1610,1611,53033022801
1611,1612,53033022803
1612,1613,53033022803
1613,1614,53033022901
1614,1615,53033022803
1615,1616,53033022803
1616,1617,53033022803
1617,1618,53033022901
1618,1619,53033022901
1619,1620,53033022902
1620,1621,53033022902
1621,1622,53033022902
1622,1623,53033022902
1623,1624,53033022803
1624,1625,53033022803
1625,1626,53033022803
1626,1627,53033022802
1627,1628,53033022803
1628,1629,53033022802
1629,1630,53033022801
1630,1631,53033022801
1631,1632,53033022703
1632,1633,53033022702
1633,1634,53033022702
1634,1635,53033022702
1635,1636,53033022702
1636,1637,53033022701
1637,1638,53033022701
1638,1639,53033022702
1639,1640,53033022702
1640,1641,53033022703
1641,1642,53033022703
1642,1643,53033022606
1643,1644,53033022606
1644,1645,53033022802
1645,1646,53033022802
1646,1647,53033022802
1647,1648,53033032313
1648,1649,53033032313
1649,1650,53033032313
1650,1651,53033032309
1651,1652,53033032309
1652,1653,53033032309
1653,1654,53033032309
1654,1655,53033032309
1655,1656,53033032309
1656,1657,53033032309
1657,1658,53033022802
1658,1659,53033022606
1659,1660,53033022606
1660,1661,53033022604
1661,1662,53033022604
1662,1663,53033022500
1663,1664,53033022500
1664,1665,53033022400
1665,1666,53033022500
1666,1667,53033022400
1667,1668,53033022500
1668,1669,53033022604
1669,1670,53033022606
1670,1671,53033022605
1671,1672,53033022605
1672,1673,53033032309
1673,1674,53033032309
1674,1675,53033032309
1675,1676,53033032324
1676,1677,53033032324
1677,1678,53033032324
1678,1679,53033032325
1679,1680,53033032325
1680,1681,53033032324
1681,1682,53033032324
1682,1683,53033032309
1683,1684,53033032309
1684,1685,53033022605
1685,1686,53033022603
1686,1687,53033022603
1687,1688,53033022603
1688,1689,53033022500
1689,1690,53033022400
1690,1691,53033022400
1691,1692,53033022400
1692,1693,53033022400
1693,1694,53033022400
1694,1695,53033022006
1695,1696,53033022006
1696,1697,53033022500
1697,1698,53033022500
1698,1699,53033022603
1699,1700,53033022603
1700,1701,53033022603
1701,1702,53033022605
1702,1703,53033022605
1703,1704,53033032321
1704,1705,53033032321
1705,1706,53033032324
1706,1707,53033032323
1707,1708,53033032323
1708,1709,53033032323
1709,1710,53033032323
1710,1711,53033032321
1711,1712,53033032321
1712,1713,53033032321
1713,1714,53033032321
1714,1715,53033022603
1715,1716,53033022605
1716,1717,53033021903
1717,1718,53033022005
1718,1719,53033022006
1719,1720,53033022203
1720,1721,53033022203
1721,1722,53033022203
1722,1723,53033022300
1723,1724,53033022203
1724,1725,53033022201
1725,1726,53033022201
1726,1727,53033022203
1727,1728,53033022202
1728,1729,53033022005
1729,1730,53033022003
1730,1731,53033022005
1731,1732,53033022003
1732,1733,53033021903
1733,1734,53033021903
1734,1735,53033021904
1735,1736,53033021904
1736,1737,53033021904
1737,1738,53033032321
1738,1739,53033032321
1739,1740,53033032321
1740,1741,53033032322
1741,1742,53033032322
1742,1743,53033032322
1743,1744,53033032322
1744,1745,53033032320
1745,1746,53033032321
1746,1747,53033021906
1747,1748,53033021904
1748,1749,53033021906
1749,1750,53033021905
1750,1751,53033022001
1751,1752,53033022003
1752,1753,53033022202
1753,1754,53033022102
1754,1755,53033022101
1755,1756,53033022300
1756,1757,53033022101
1757,1758,53033021600
1758,1759,53033022101
1759,1760,53033021700
1760,1761,53033022102
1761,1762,53033021700
1762,1763,53033022102
1763,1764,53033022102
1764,1765,53033022102
1765,1766,53033021700
1766,1767,53033022001
1767,1768,53033021803
1768,1769,53033022001
1769,1770,53033022001
1770,1771,53033022001
1771,1772,53033022001
1772,1773,53033021804
1773,1774,53033021905
1774,1775,53033021905
1775,1776,53033021906
1776,1777,53033032319
1777,1778,53033021906
1778,1779,53033021906
1779,1780,53033032321
1780,1781,53033032319
1781,1782,53033032320
1782,1783,53033032319
1783,1784,53033032320
1784,1785,53033032320
1785,1786,53033032307
1786,1787,53033032307
1787,1788,53033032322
1788,1789,53033032307
1789,1790,53033032307
1790,1791,53033032320
1791,1792,53033032319
1792,1793,53033032319
1793,1794,53033032319
1794,1795,53033021802
1795,1796,53033021802
1796,1797,53033021802
1797,1798,53033021804
1798,1799,53033021804
1799,1800,53033021804
1800,1801,53033021803
1801,1802,53033021803
1802,1803,53033021803
1803,1804,53033021803
1804,1805,53033021803
1805,1806,53033021700
1806,1807,53033021700
1807,1808,53033021700
1808,1809,53033021700
1809,1810,53033021700
1810,1811,53033021700
1811,1812,53033021600
1812,1813,53033021600
1813,1814,53033021600
1814,1815,53033021600
1815,1816,53033021500
1816,1817,53033021500
1817,1818,53033020402
1818,1819,53033020402
1819,1820,53033020402
1820,1821,53033020402
1821,1822,53033020402
1822,1823,53033020401
1823,1824,53033020401
1824,1825,53033020401
1825,1826,53033020500
1826,1827,53033020401
1827,1828,53033020401
1828,1829,53033020300
1829,1830,53033020300
1830,1831,53033020300
1831,1832,53033020300
1832,1833,53033020300
1833,1834,53033020300
1834,1835,53033020200
1835,1836,53033020200
1836,1837,53033020200
1837,1838,53033020200
1838,1839,53033020100
1839,1840,53033990100
1840,1841,53033020100
1841,1842,53033020800
1842,1843,53033990100
1843,1844,53033020800
1844,1845,53033020800
1845,1846,53033020800
1846,1847,53033020700
1847,1848,53033020700
1848,1849,53033020700
1849,1850,53033020600
1850,1851,53033021000
1851,1852,53033020600
1852,1853,53033020600
1853,1854,53033020500
1854,1855,53033020500
1855,1856,53033021400
1856,1857,53033020500
1857,1858,53033020500
1858,1859,53033021400
1859,1860,53033021400
1860,1861,53033021400
1861,1862,53033021500
1862,1863,53033021500
1863,1864,53033021500
1864,1865,53033021500
1865,1866,53033021300
1866,1867,53033021400
1867,1868,53033021300
1868,1869,53033021100
1869,1870,53033021100
1870,1871,53033021100
1871,1872,53033021100
1872,1873,53033021000
1873,1874,53033021000
1874,1875,53033021000
1875,1876,53033021000
1876,1877,53033021000
1877,1878,53033021000
1878,1879,53033020900
1879,1880,53033020900
1880,1881,53033020900
1881,1882,53033990100
1882,1883,53033032307
1883,1884,53033032307
1884,1885,53033032311
1885,1886,53033032326
1886,1887,53033032311
1887,1888,53033032311
1888,1889,53033032311
1889,1890,53033032311
1890,1891,53033032311
1891,1892,53033032311
1892,1893,53033032401
1893,1894,53033032401
1894,1895,53033032500
1895,1896,53033032500
1896,1897,53033032401
1897,1898,53033032401
1898,1899,53033032327
1899,1900,53033032327
1900,1901,53033032326
1901,1902,53033032327
1902,1903,53033032326
1903,1904,53033032327
1904,1905,53033032327
1905,1906,53033032326
1906,1907,53033032326
1907,1908,53033032313
1908,1909,53033032313
1909,1910,53033032313
1910,1911,53033032313
1911,1912,53033032329
1912,1913,53033032329
1913,1914,53033032329
1914,1915,53033032329
1915,1916,53033032315
1916,1917,53033032315
1917,1918,53033032401
1918,1919,53033032500
1919,1920,53033032500
1920,1921,53033032315
1921,1922,53033032315
1922,1923,53033032315
1923,1924,53033032315
1924,1925,53033032328
1925,1926,53033032328
1926,1927,53033032328
1927,1928,53033032313
1928,1929,53033032313
1929,1930,53033032313
1930,1931,53033032313
1931,1932,53033032313
1932,1933,53033032316
1933,1934,53033032316
1934,1935,53033032317
1935,1936,53033032203
1936,1937,53033032317
1937,1938,53033032317
1938,1939,53033032317
1939,1940,53033032318
1940,1941,53033032318
1941,1942,53033032318
1942,1943,53033032215
1943,1944,53033032215
1944,1945,53033032215
1945,1946,53033032500
1946,1947,53033032601
1947,1948,53033032601
1948,1949,53033032601
1949,1950,53033032601
1950,1951,53033032210
1951,1952,53033032215
1952,1953,53033032215
1953,1954,53033032215
1954,1955,53033032213
1955,1956,53033032214
1956,1957,53033032214
1957,1958,53033032211
1958,1959,53033032203
1959,1960,53033032203
1960,1961,53033032203
1961,1962,53033032207
1962,1963,53033032203
1963,1964,53033032203
1964,1965,53033032203
1965,1966,53033032207
1966,1967,53033032208
1967,1968,53033032208
1968,1969,53033032208
1969,1970,53033032208
1970,1971,53033032210
1971,1972,53033032211
1972,1973,53033032212
1973,1974,53033032210
1974,1975,53033032210
1975,1976,53033032211
1976,1977,53033032210
1977,1978,53033032210
1978,1979,53033032210
1979,1980,53033032602
1980,1981,53033032602
1981,1982,53033032602
1982,1983,53033032602
1983,1984,53033032602
1984,1985,53033032602
1985,1986,53033032800
1986,1987,53033032703
1987,1988,53033032703
1988,1989,53033032704
1989,1990,53033032704
1990,1991,53033032704
1991,1992,53033032800
1992,1993,53033032800
1993,1994,53033032800
1994,1995,53033032800
1995,1996,53033032702
1996,1997,53033032702
1997,1998,53033032702
1998,1999,53033032702
1999,2000,53033032003
2000,2001,53033032003
2001,2002,53033032003
2002,2003,53033032003
2003,2004,53033032003
2004,2005,53033032010
2005,2006,53033032005
2006,2007,53033031706
2007,2008,53033032005
2008,2009,53033032005
2009,2010,53033032008
2010,2011,53033032008
2011,2012,53033032011
2012,2013,53033032011
2013,2014,53033032011
2014,2015,53033032003
2015,2016,53033031603
2016,2017,53033031501
2017,2018,53033031502
2018,2019,53033031501
2019,2020,53033031603
2020,2021,53033031603
2021,2022,53033031604
2022,2023,53033031605
2023,2024,53033032006
2024,2025,53033031605
2025,2026,53033032006
2026,2027,53033032006
2027,2028,53033031601
2028,2029,53033032006
2029,2030,53033032006
2030,2031,53033031601
2031,2032,53033031704
2032,2033,53033031706
2033,2034,53033031704
2034,2035,53033031704
2035,2036,53033031204
2036,2037,53033031204
2037,2038,53033031204
2038,2039,53033031204
2039,2040,53033031601
2040,2041,53033031605
2041,2042,53033031605
2042,2043,53033031603
2043,2044,53033031605
2044,2045,53033031603
2045,2046,53033031603
2046,2047,53033031501
2047,2048,53033031502
2048,2049,53033031501
2049,2050,53033031603
2050,2051,53033031202
2051,2052,53033031202
2052,2053,53033031204
2053,2054,53033031202
2054,2055,53033031204
2055,2056,53033031204
2056,2057,53033031202
2057,2058,53033031204
2058,2059,53033031202
2059,2060,53033031100
2060,2061,53033031202
2061,2062,53033031202
2062,2063,53033031202
2063,2064,53033031502
2064,2065,53033031502
2065,2066,53033031400
2066,2067,53033031400
2067,2068,53033031301
2068,2069,53033031301
2069,2070,53033031400
2070,2071,53033031301
2071,2072,53033031301
2072,2073,53033031301
2073,2074,53033031301
2074,2075,53033031301
2075,2076,53033031302
2076,2077,53033031302
2077,2078,53033031302
2078,2079,53033031502
2079,2080,53033031502
2080,2081,53033031502
2081,2082,53033990100
2082,2083,53033990100
2083,2084,53033990100
2084,2085,53033990100
2085,2086,53033027702
2086,2087,53033990100
2087,2088,53033990100
2088,2089,53061990100
2089,2090,53061053302
2090,2091,53061053302
2091,2092,53061053302
2092,2093,53061053400
2093,2094,53061053302
2094,2095,53061053302
2095,2096,53061053302
2096,2097,53061053302
2097,2098,53061053301
2098,2099,53061053301
2099,2100,53061053301
2100,2101,53061990002
2101,2102,53061053302
2102,2103,53061053302
2103,2104,53061053302
2104,2105,53061053400
2105,2106,53061053400
2106,2107,53061053400
2107,2108,53061053506
2108,2109,53061053602
2109,2110,53061053506
2110,2111,53061053506
2111,2112,53061053506
2112,2113,53061053505
2113,2114,53061053505
2114,2115,53061053504
2115,2116,53061053504
2116,2117,53061053508
2117,2118,53061053508
2118,2119,53061053504
2119,2120,53061053504
2120,2121,53061053508
2121,2122,53061053507
2122,2123,53061053507
2123,2124,53061053508
2124,2125,53061053508
2125,2126,53061053509
2126,2127,53061053509
2127,2128,53061053509
2128,2129,53061053509
2129,2130,53061053101
2130,2131,53061053101
2131,2132,53061053201
2132,2133,53061053201
2133,2134,53061053202
2134,2135,53061053201
2135,2136,53061053202
2136,2137,53061990002
2137,2138,53061053202
2138,2139,53061053202
2139,2140,53061053102
2140,2141,53061053102
2141,2142,53061053102
2142,2143,53061053102
2143,2144,53061053102
2144,2145,53061052803
2145,2146,53061052803
2146,2147,53061052803
2147,2148,53061052803
2148,2149,53061052701
2149,2150,53061052701
2150,2151,53061053505
2151,2152,53061053505
2152,2153,53061053604
2153,2154,53061053604
2154,2155,53061052709
2155,2156,53061052709
2156,2157,53061052709
2157,2158,53061052804
2158,2159,53061052806
2159,2160,53061052806
2160,2161,53061052806
2161,2162,53061052806
2162,2163,53061052806
2163,2164,53061052805
2164,2165,53061052803
2165,2166,53061052804
2166,2167,53061052804
2167,2168,53061052803
2168,2169,53061052805
2169,2170,53061052805
2170,2171,53061940001
2171,2172,53061940001
2172,2173,53061940001
2173,2174,53061940001
2174,2175,53061940001
2175,2176,53061940002
2176,2177,53061940002
2177,2178,53061990002
2178,2179,53061990002
2179,2180,53061990002
2180,2181,53061940001
2181,2182,53061940001
2182,2183,53061990002
2183,2184,53061940001
2184,2185,53061940001
2185,2186,53061052905
2186,2187,53061052903
2187,2188,53061052903
2188,2189,53061052903
2189,2190,53061052905
2190,2191,53061052905
2191,2192,53061052903
2192,2193,53061052903
2193,2194,53061052903
2194,2195,53061052906
2195,2196,53061052903
2196,2197,53061052903
2197,2198,53061052906
2198,2199,53061052904
2199,2200,53061052904
2200,2201,53061052904
2201,2202,53061052104
2202,2203,53061052708
2203,2204,53061052708
2204,2205,53061052705
2205,2206,53061052705
2206,2207,53061052705
2207,2208,53061052705
2208,2209,53061052705
2209,2210,53061052705
2210,2211,53061052707
2211,2212,53061052603
2212,2213,53061053603
2213,2214,53061053604
2214,2215,53061053602
2215,2216,53061053602
2216,2217,53061053604
2217,2218,53061052301
2218,2219,53061052606
2219,2220,53061053603
2220,2221,53061052605
2221,2222,53061052605
2222,2223,53061052606
2223,2224,53061052606
2224,2225,53061052607
2225,2226,53061052607
2226,2227,53061052605
2227,2228,53061052605
2228,2229,53061052604
2229,2230,53061052607
2230,2231,53061052603
2231,2232,53061052603
2232,2233,53061052604
2233,2234,53061052604
2234,2235,53061052707
2235,2236,53061052707
2236,2237,53061052604
2237,2238,53061052503
2238,2239,53061052707
2239,2240,53061052707
2240,2241,53061052706
2241,2242,53061052706
2242,2243,53061052706
2243,2244,53061052604
2244,2245,53061052503
2245,2246,53061052503
2246,2247,53061052503
2247,2248,53061052104
2248,2249,53061990002
2249,2250,53061040200
2250,2251,53061040200
2251,2252,53061040100
2252,2253,53061040100
2253,2254,53061040100
2254,2255,53061990002
2255,2256,53061040100
2256,2257,53061040100
2257,2258,53061040100
2258,2259,53061040200
2259,2260,53061040200
2260,2261,53061040200
2261,2262,53061040500
2262,2263,53061040500
2263,2264,53061040500
2264,2265,53061040500
2265,2266,53061040500
2266,2267,53061040500
2267,2268,53061040500
2268,2269,53061040100
2269,2270,53061040700
2270,2271,53061040100
2271,2272,53061040800
2272,2273,53061040100
2273,2274,53061990002
2274,2275,53061990002
2275,2276,53061040800
2276,2277,53061040800
2277,2278,53061040700
2278,2279,53061040800
2279,2280,53061040700
2280,2281,53061040800
2281,2282,53061040700
2282,2283,53061040700
2283,2284,53061040700
2284,2285,53061040700
2285,2286,53061040700
2286,2287,53061040700
2287,2288,53061040700
2288,2289,53061040500
2289,2290,53061040500
2290,2291,53061040700
2291,2292,53061040700
2292,2293,53061040700
2293,2294,53061040700
2294,2295,53061040700
2295,2296,53061041000
2296,2297,53061040700
2297,2298,53061041000
2298,2299,53061040700
2299,2300,53061041000
2300,2301,53061040800
2301,2302,53061990002
2302,2303,53061041304
2303,2304,53061990002
2304,2305,53061990002
2305,2306,53061041301
2306,2307,53061041301
2307,2308,53061041304
2308,2309,53061041304
2309,2310,53061041304
2310,2311,53061041303
2311,2312,53061041303
2312,2313,53061041303
2313,2314,53061041303
2314,2315,53061040900
2315,2316,53061040900
2316,2317,53061041201
2317,2318,53061041000
2318,2319,53061041100
2319,2320,53061041100
2320,2321,53061041202
2321,2322,53061041000
2322,2323,53061041100
2323,2324,53061041202
2324,2325,53061041400
2325,2326,53061041400
2326,2327,53061041400
2327,2328,53061041202
2328,2329,53061041400
2329,2330,53061040700
2330,2331,53061041500
2331,2332,53061052104
2332,2333,53061052104
2333,2334,53061052104
2334,2335,53061052104
2335,2336,53061052502
2336,2337,53061052504
2337,2338,53061052504
2338,2339,53061052504
2339,2340,53061052504
2340,2341,53061052504
2341,2342,53061052502
2342,2343,53061052502
2343,2344,53061052504
2344,2345,53061052607
2345,2346,53061052607
2346,2347,53061052607
2347,2348,53061052502
2348,2349,53061052502
2349,2350,53061052401
2350,2351,53061052401
2351,2352,53061052401
2352,2353,53061052402
2353,2354,53061052401
2354,2355,53061052402
2355,2356,53061052401
2356,2357,53061052402
2357,2358,53061052607
2358,2359,53061052301
2359,2360,53061052301
2360,2361,53061052206
2361,2362,53061052207
2362,2363,53061052207
2363,2364,53061053801
2364,2365,53061053802
2365,2366,53061053802
2366,2367,53061052207
2367,2368,53061052207
2368,2369,53061052206
2369,2370,53061052206
2370,2371,53061052203
2371,2372,53061052203
2372,2373,53061052203
2373,2374,53061052302
2374,2375,53061052302
2375,2376,53061052203
2376,2377,53061052302
2377,2378,53061052105
2378,2379,53061052105
2379,2380,53061052105
2380,2381,53061052105
2381,2382,53061052105
2382,2383,53061041601
2383,2384,53061041601
2384,2385,53061041607
2385,2386,53061041607
2386,2387,53061041605
2387,2388,53061041601
2388,2389,53061041605
2389,2390,53061041701
2390,2391,53061041805
2391,2392,53061041805
2392,2393,53061041806
2393,2394,53061041805
2394,2395,53061041806
2395,2396,53061041806
2396,2397,53061041904
2397,2398,53061041904
2398,2399,53061041904
2399,2400,53061041905
2400,2401,53061041903
2401,2402,53061041905
2402,2403,53061041901
2403,2404,53061041901
2404,2405,53061990002
2405,2406,53061990002
2406,2407,53061042006
2407,2408,53061990002
2408,2409,53061042006
2409,2410,53061042006
2410,2411,53061042005
2411,2412,53061042004
2412,2413,53061041901
2413,2414,53061041901
2414,2415,53061041905
2415,2416,53061041809
2416,2417,53061041810
2417,2418,53061041812
2418,2419,53061041810
2419,2420,53061041808
2420,2421,53061041701
2421,2422,53061041808
2422,2423,53061041701
2423,2424,53061041701
2424,2425,53061041701
2425,2426,53061041605
2426,2427,53061041606
2427,2428,53061041606
2428,2429,53061041607
2429,2430,53061041608
2430,2431,53061041608
2431,2432,53061041608
2432,2433,53061041608
2433,2434,53061052115
2434,2435,53061052118
2435,2436,53061052108
2436,2437,53061052108
2437,2438,53061052105
2438,2439,53061052204
2439,2440,53061052208
2440,2441,53061052208
2441,2442,53061052209
2442,2443,53061052207
2443,2444,53061052209
2444,2445,53061052209
2445,2446,53061052105
2446,2447,53061052108
2447,2448,53061052108
2448,2449,53061052108
2449,2450,53061052108
2450,2451,53061052114
2451,2452,53061052118
2452,2453,53061052115
2453,2454,53061052115
2454,2455,53061052114
2455,2456,53061052114
2456,2457,53061052114
2457,2458,53061052118
2458,2459,53061052114
2459,2460,53061052003
2460,2461,53061052003
2461,2462,53061052003
2462,2463,53061052003
2463,2464,53061052003
2464,2465,53061052005
2465,2466,53061052004
2466,2467,53061052005
2467,2468,53061052005
2468,2469,53061052004
2469,2470,53061052007
2470,2471,53061052005
2471,2472,53061052007
2472,2473,53061052007
2473,2474,53061041704
2474,2475,53061041704
2475,2476,53061041704
2476,2477,53061041704
2477,2478,53061041703
2478,2479,53061041703
2479,2480,53061041703
2480,2481,53061041811
2481,2482,53061041811
2482,2483,53061041811
2483,2484,53061041811
2484,2485,53061041703
2485,2486,53061041812
2486,2487,53061051804
2487,2488,53061051803
2488,2489,53061051803
2489,2490,53061051803
2490,2491,53061051803
2491,2492,53061042004
2492,2493,53061042004
2493,2494,53061050102
2494,2495,53061050102
2495,2496,53061050102
2496,2497,53061042005
2497,2498,53061042003
2498,2499,53061050101
2499,2500,53061990002
2500,2501,53061990002
2501,2502,53061990002
2502,2503,53061050200
2503,2504,53061990002
2504,2505,53061050200
2505,2506,53061051500
2506,2507,53061050200
2507,2508,53061051601
2508,2509,53061051602
2509,2510,53061051602
2510,2511,53061051602
2511,2512,53061051601
2512,2513,53061051601
2513,2514,53061051701
2514,2515,53061051701
2515,2516,53061051802
2516,2517,53061051702
2517,2518,53061051702
2518,2519,53061051802
2519,2520,53061051802
2520,2521,53061051802
2521,2522,53061051802
2522,2523,53061051802
2523,2524,53061051928
2524,2525,53061051927
2525,2526,53061051928
2526,2527,53061051927
2527,2528,53061051921
2528,2529,53061051922
2529,2530,53061051923
2530,2531,53061051921
2531,2532,53061051922
2532,2533,53061051921
2533,2534,53061051923
2534,2535,53061051923
2535,2536,53061051924
2536,2537,53061051924
2537,2538,53061052107
2538,2539,53061052107
2539,2540,53061052107
2540,2541,53061052108
2541,2542,53061052108
2542,2543,53061052108
2543,2544,53061052108
2544,2545,53061052108
2545,2546,53061052108
2546,2547,53061052209
2547,2548,53061053801
2548,2549,53061052113
2549,2550,53061052112
2550,2551,53061052112
2551,2552,53061052112
2552,2553,53061051912
2553,2554,53061051912
2554,2555,53061051912
2555,2556,53061051926
2556,2557,53061051926
2557,2558,53061051926
2558,2559,53061051926
2559,2560,53061051926
2560,2561,53061051925
2561,2562,53061051925
2562,2563,53061051925
2563,2564,53061051925
2564,2565,53061051925
2565,2566,53061051922
2566,2567,53061051922
2567,2568,53061051922
2568,2569,53061051905
2569,2570,53061051802
2570,2571,53061051702
2571,2572,53061051702
2572,2573,53061051702
2573,2574,53061051701
2574,2575,53061051701
2575,2576,53061051701
2576,2577,53061051500
2577,2578,53061051500
2578,2579,53061051500
2579,2580,53061051500
2580,2581,53061051500
2581,2582,53061990002
2582,2583,53061050500
2583,2584,53061050500
2584,2585,53061050401
2585,2586,53061051500
2586,2587,53061051500
2587,2588,53061051500
2588,2589,53061051400
2589,2590,53061051400
2590,2591,53061051400
2591,2592,53061051400
2592,2593,53061051400
2593,2594,53061051400
2594,2595,53061051400
2595,2596,53061051400
2596,2597,53061051400
2597,2598,53061051400
2598,2599,53061051905
2599,2600,53061051905
2600,2601,53061051905
2601,2602,53061051905
2602,2603,53061051905
2603,2604,53061051905
2604,2605,53061051915
2605,2606,53061051916
2606,2607,53061051915
2607,2608,53061051916
2608,2609,53061051916
2609,2610,53061051915
2610,2611,53061051915
2611,2612,53061051915
2612,2613,53061051913
2613,2614,53061051913
2614,2615,53061051913
2615,2616,53061051913
2616,2617,53061051300
2617,2618,53061051300
2618,2619,53061051100
2619,2620,53061051200
2620,2621,53061051200
2621,2622,53061051000
2622,2623,53061051000
2623,2624,53061051000
2624,2625,53061051000
2625,2626,53061051000
2626,2627,53061050402
2627,2628,53061050402
2628,2629,53061050800
2629,2630,53061050402
2630,2631,53061050402
2631,2632,53061050800
2632,2633,53061050800
2633,2634,53061050500
2634,2635,53061050500
2635,2636,53061050500
2636,2637,53061050500
2637,2638,53061990002
2638,2639,53061990002
2639,2640,53061990002
2640,2641,53061050700
2641,2642,53061050700
2642,2643,53061050800
2643,2644,53061050800
2644,2645,53061050800
2645,2646,53061050900
2646,2647,53061050900
2647,2648,53061051000
2648,2649,53061051000
2649,2650,53061051100
2650,2651,53061051100
2651,2652,53061051100
2652,2653,53061051100
2653,2654,53061051100
2654,2655,53061051300
2655,2656,53061051300
2656,2657,53061051300
2657,2658,53061051914
2658,2659,53061051300
2659,2660,53061051914
2660,2661,53061051914
2661,2662,53061051917
2662,2663,53061051917
2663,2664,53061051917
2664,2665,53061051917
2665,2666,53061051918
2666,2667,53061051918
2667,2668,53061051918
2668,2669,53053072601
2669,2670,53053072601
2670,2671,53053072503
2671,2672,53053072503
2672,2673,53053072601
2673,2674,53053072601
2674,2675,53053072601
2675,2676,53053072503
2676,2677,53053072503
2677,2678,53053072601
2678,2679,53053072601
2679,2680,53053072602
2680,2681,53053072602
2681,2682,53053072602
2682,2683,53053072602
2683,2684,53053072602
2684,2685,53053072602
2685,2686,53053072603
2686,2687,53053072603
2687,2688,53053072603
2688,2689,53053072603
2689,2690,53053072603
2690,2691,53053072603
2691,2692,53053072603
2692,2693,53053072603
2693,2694,53053072504
2694,2695,53053072505
2695,2696,53053072505
2696,2697,53053072505
2697,2698,53053072506
2698,2699,53035092803
2699,2700,53053072505
2700,2701,53053072505
2701,2702,53053072505
2702,2703,53053072505
2703,2704,53053072504
2704,2705,53053072505
2705,2706,53053072505
2706,2707,53053072505
2707,2708,53053072505
2708,2709,53053072506
2709,2710,53053072507
2710,2711,53053072507
2711,2712,53053072507
2712,2713,53053072504
2713,2714,53053072504
2714,2715,53053072504
2715,2716,53053072405
2716,2717,53053072406
2717,2718,53053072406
2718,2719,53053072406
2719,2720,53053072406
2720,2721,53053072507
2721,2722,53053072507
2722,2723,53053072507
2723,2724,53053072507
2724,2725,53053072507
2725,2726,53053072407
2726,2727,53053072407
2727,2728,53053072407
2728,2729,53053072407
2729,2730,53053072407
2730,2731,53053072406
2731,2732,53053072406
2732,2733,53053072405
2733,2734,53053072405
2734,2735,53053072405
2735,2736,53053072406
2736,2737,53053072408
2737,2738,53053072408
2738,2739,53053072408
2739,2740,53053072407
2740,2741,53053072407
2741,2742,53053072407
2742,2743,53053072408
2743,2744,53053072408
2744,2745,53053072409
2745,2746,53053072409
2746,2747,53053072409
2747,2748,53053072409
2748,2749,53053072409
2749,2750,53053072408
2750,2751,53053072408
2751,2752,53053072410
2752,2753,53053072410
2753,2754,53053060300
2754,2755,53053060300
2755,2756,53053060300
2756,2757,53053060300
2757,2758,53053060300
2758,2759,53053060300
2759,2760,53053060500
2760,2761,53053060400
2761,2762,53053060904
2762,2763,53053060904
2763,2764,53053060904
2764,2765,53053060904
2765,2766,53053060903
2766,2767,53053060903
2767,2768,53053060903
2768,2769,53053060904
2769,2770,53053060904
2770,2771,53053060800
2771,2772,53053060800
2772,2773,53053060800
2773,2774,53053060800
2774,2775,53053060500
2775,2776,53053060500
2776,2777,53053060500
2777,2778,53053060500
2778,2779,53053060600
2779,2780,53053060600
2780,2781,53053060600
2781,2782,53053061500
2782,2783,53053061500
2783,2784,53053060600
2784,2785,53053060600
2785,2786,53053060500
2786,2787,53053060500
2787,2788,53053060800
2788,2789,53053060800
2789,2790,53053060906
2790,2791,53053060905
2791,2792,53053060905
2792,2793,53053060905
2793,2794,53053060905
2794,2795,53053060906
2795,2796,53053060800
2796,2797,53053060800
2797,2798,53053060700
2798,2799,53053060700
2799,2800,53053060700
2800,2801,53053060700
2801,2802,53053060600
2802,2803,53053060600
2803,2804,53053061500
2804,2805,53053061500
2805,2806,53053061601
2806,2807,53053061500
2807,2808,53053061500
2808,2809,53053061300
2809,2810,53053060600
2810,2811,53053060600
2811,2812,53053060600
2812,2813,53053060700
2813,2814,53053060700
2814,2815,53053060700
2815,2816,53053060800
2816,2817,53053060800
2817,2818,53053060906
2818,2819,53053061002
2819,2820,53053061002
2820,2821,53053061001
2821,2822,53053061001
2822,2823,53053061001
2823,2824,53053061002
2824,2825,53053061002
2825,2826,53053061002
2826,2827,53053061002
2827,2828,53053061002
2828,2829,53053061100
2829,2830,53053061002
2830,2831,53053061100
2831,2832,53053061100
2832,2833,53053061100
2833,2834,53053061100
2834,2835,53053061100
2835,2836,53053061100
2836,2837,53053061100
2837,2838,53053061200
2838,2839,53053061200
2839,2840,53053061200
2840,2841,53053061200
2841,2842,53053061200
2842,2843,53053061200
2843,2844,53053061300
2844,2845,53053061300
2845,2846,53053061300
2846,2847,53053061300
2847,2848,53053061300
2848,2849,53053061300
2849,2850,53053061300
2850,2851,53053061300
2851,2852,53053061300
2852,2853,53053061500
2853,2854,53053061400
2854,2855,53053061400
2855,2856,53053061400
2856,2857,53053061400
2857,2858,53053061400
2858,2859,53053061400
2859,2860,53053061400
2860,2861,53053061400
2861,2862,53053061400
2862,2863,53053061500
2863,2864,53053061400
2864,2865,53053061400
2865,2866,53053061400
2866,2867,53053061400
2867,2868,53053061601
2868,2869,53053061601
2869,2870,53053061601
2870,2871,53053061601
2871,2872,53053061602
2872,2873,53053061602
2873,2874,53053061601
2874,2875,53053061601
2875,2876,53053061601
2876,2877,53053061601
2877,2878,53053061602
2878,2879,53053061602
2879,2880,53053061602
2880,2881,53053061601
2881,2882,53053061601
2882,2883,53053061601
2883,2884,53053061601
2884,2885,53053061602
2885,2886,53053061601
2886,2887,53053061601
2887,2888,53053061601
2888,2889,53053061601
2889,2890,53053061601
2890,2891,53053061601
2891,2892,53053061601
2892,2893,53053060200
2893,2894,53053061601
2894,2895,53053061601
2895,2896,53053060200
2896,2897,53053060200
2897,2898,53053061602
2898,2899,53053061602
2899,2900,53053061602
2900,2901,53053061602
2901,2902,53053061602
2902,2903,53053061602
2903,2904,53053061602
2904,2905,53053061602
2905,2906,53053061602
2906,2907,53053061602
2907,2908,53053061602
2908,2909,53053061602
2909,2910,53053061602
2910,2911,53053061602
2911,2912,53053061602
2912,2913,53053061602
2913,2914,53053061602
2914,2915,53053061602
2915,2916,53053061602
2916,2917,53053061700
2917,2918,53053061700
2918,2919,53053061700
2919,2920,53053061700
2920,2921,53053062600
2921,2922,53053062600
2922,2923,53053061700
2923,2924,53053061700
2924,2925,53053061700
2925,2926,53053061700
2926,2927,53053062600
2927,2928,53053062600
2928,2929,53053061700
2929,2930,53053061700
2930,2931,53053061700
2931,2932,53053061700
2932,2933,53053062801
2933,2934,53053062801
2934,2935,53053061100
2935,2936,53053062801
2936,2937,53053072305
2937,2938,53053072305
2938,2939,53053072311
2939,2940,53053072311
2940,2941,53053072310
2941,2942,53053072309
2942,2943,53053072309
2943,2944,53053072309
2944,2945,53053072309
2945,2946,53053072310
2946,2947,53053072311
2947,2948,53053072305
2948,2949,53053072305
2949,2950,53053062801
2950,2951,53053062801
2951,2952,53053062801
2952,2953,53053062600
2953,2954,53053062801
2954,2955,53053062600
2955,2956,53053062600
2956,2957,53053062600
2957,2958,53053062600
2958,2959,53053062600
2959,2960,53053062600
2960,2961,53053062600
2961,2962,53053062600
2962,2963,53053062600
2963,2964,53053062600
2964,2965,53053062600
2965,2966,53053062801
2966,2967,53053072305
2967,2968,53053072313
2968,2969,53053072311
2969,2970,53053072305
2970,2971,53053072313
2971,2972,53053072311
2972,2973,53053072311
2973,2974,53053072310
2974,2975,53053072307
2975,2976,53053072310
2976,2977,53053072307
2977,2978,53053072309
2978,2979,53053072307
2979,2980,53053072308
2980,2981,53053072308
2981,2982,53053072308
2982,2983,53053072308
2983,2984,53053072308
2984,2985,53053072308
2985,2986,53053072308
2986,2987,53053072312
2987,2988,53053072312
2988,2989,53053072312
2989,2990,53053071803
2990,2991,53053062600
2991,2992,53053062600
2992,2993,53053063000
2993,2994,53053063000
2994,2995,53053062900
2995,2996,53053062900
2996,2997,53053071803
2997,2998,53053071803
2998,2999,53053072106
2999,3000,53053072105
3000,3001,53053072105
3001,3002,53053072105
3002,3003,53053072308
3003,3004,53053072109
3004,3005,53053072105
3005,3006,53053072106
3006,3007,53053072106
3007,3008,53053072106
3008,3009,53053071803
3009,3010,53053071803
3010,3011,53053071803
3011,3012,53053071803
3012,3013,53053071803
3013,3014,53053062900
3014,3015,53053062900
3015,3016,53053071808
3016,3017,53053071807
3017,3018,53053071807
3018,3019,53053071807
3019,3020,53053071807
3020,3021,53053071807
3021,3022,53053071901
3022,3023,53053071901
3023,3024,53053071901
3024,3025,53053071902
3025,3026,53053071902
3026,3027,53053072107
3027,3028,53053072107
3028,3029,53053072107
3029,3030,53053072111
3030,3031,53053072109
3031,3032,53053072109
3032,3033,53053072109
3033,3034,53053072109
3034,3035,53053072111
3035,3036,53053072111
3036,3037,53053072111
3037,3038,53053072111
3038,3039,53053072112
3039,3040,53053072112
3040,3041,53053072107
3041,3042,53053072107
3042,3043,53053072107
3043,3044,53053071902
3044,3045,53053071902
3045,3046,53053071901
3046,3047,53053071901
3047,3048,53053071805
3048,3049,53053071807
3049,3050,53053071807
3050,3051,53053071805
3051,3052,53053071806
3052,3053,53053071901
3053,3054,53053071901
3054,3055,53053071901
3055,3056,53053071902
3056,3057,53053072108
3057,3058,53053071902
3058,3059,53053071902
3059,3060,53053072000
3060,3061,53053072903
3061,3062,53053072108
3062,3063,53053072108
3063,3064,53053072108
3064,3065,53053072108
3065,3066,53053072108
3066,3067,53053072108
3067,3068,53053072112
3068,3069,53053072108
3069,3070,53053072903
3070,3071,53053072903
3071,3072,53053072109
3072,3073,53053072800
3073,3074,53053072800
3074,3075,53053072800
3075,3076,53053072800
3076,3077,53053072800
3077,3078,53033030306
3078,3079,53053940001
3079,3080,53053940011
3080,3081,53053940011
3081,3082,53053940011
3082,3083,53033030306
3083,3084,53053060200
3084,3085,53053940011
3085,3086,53053940008
3086,3087,53053940008
3087,3088,53053940008
3088,3089,53053940008
3089,3090,53033030312
3090,3091,53053940005
3091,3092,53053940005
3092,3093,53053940005
3093,3094,53053940002
3094,3095,53053060200
3095,3096,53053060200
3096,3097,53053060200
3097,3098,53053060200
3098,3099,53053060200
3099,3100,53053060200
3100,3101,53053060200
3101,3102,53053060200
3102,3103,53053060200
3103,3104,53053060200
3104,3105,53053060200
3105,3106,53053060200
3106,3107,53053060200
3107,3108,53053060200
3108,3109,53053060200
3109,3110,53053060200
3110,3111,53053060200
3111,3112,53053060200
3112,3113,53053060200
3113,3114,53053060200
3114,3115,53053060200
3115,3116,53053060200
3116,3117,53053060200
3117,3118,53053060200
3118,3119,53053060200
3119,3120,53053940002
3120,3121,53053940002
3121,3122,53053940002
3122,3123,53053940002
3123,3124,53053940002
3124,3125,53053940002
3125,3126,53053940002
3126,3127,53053940002
3127,3128,53053940002
3128,3129,53053940002
3129,3130,53053940002
3130,3131,53053940002
3131,3132,53053940002
3132,3133,53033030304
3133,3134,53053070703
3134,3135,53053070703
3135,3136,53053070703
3136,3137,53053070703
3137,3138,53053070703
3138,3139,53053070703
3139,3140,53053070703
3140,3141,53053940009
3141,3142,53053070703
3142,3143,53053070703
3143,3144,53053070703
3144,3145,53053070703
3145,3146,53053073500
3146,3147,53053073500
3147,3148,53053073500
3148,3149,53053073500
3149,3150,53033030404
3150,3151,53053073301
3151,3152,53053073301
3152,3153,53053073301
3153,3154,53053073301
3154,3155,53053073301
3155,3156,53053073301
3156,3157,53053073301
3157,3158,53053073301
3158,3159,53053070316
3159,3160,53053070314
3160,3161,53053070315
3161,3162,53053070314
3162,3163,53033031202
3163,3164,53053070315
3164,3165,53053070307
3165,3166,53053070307
3166,3167,53053070313
3167,3168,53053070313
3168,3169,53053073301
3169,3170,53053073301
3170,3171,53053073301
3171,3172,53053073500
3172,3173,53053073500
3173,3174,53053073500
3174,3175,53053940009
3175,3176,53053940009
3176,3177,53053940003
3177,3178,53053940003
3178,3179,53053940003
3179,3180,53053940003
3180,3181,53053940002
3181,3182,53053940002
3182,3183,53053940002
3183,3184,53053940007
3184,3185,53053062000
3185,3186,53053062000
3186,3187,53053062000
3187,3188,53053062000
3188,3189,53053062000
3189,3190,53053061900
3190,3191,53053061900
3191,3192,53053061800
3192,3193,53053061800
3193,3194,53053061800
3194,3195,53053062500
3195,3196,53053062500
3196,3197,53053062500
3197,3198,53053062500
3198,3199,53053062500
3199,3200,53053062500
3200,3201,53053062500
3201,3202,53053062500
3202,3203,53053062400
3203,3204,53053062400
3204,3205,53053062300
3205,3206,53053062300
3206,3207,53053062000
3207,3208,53053062300
3208,3209,53053940006
3209,3210,53053940004
3210,3211,53053940004
3211,3212,53053940002
3212,3213,53053940003
3213,3214,53053940010
3214,3215,53053940010
3215,3216,53053940010
3216,3217,53053940010
3217,3218,53053073500
3218,3219,53053940010
3219,3220,53053073302
3220,3221,53053073301
3221,3222,53053073301
3222,3223,53053073301
3223,3224,53053070313
3224,3225,53053070313
3225,3226,53053070309
3226,3227,53053070307
3227,3228,53033031301
3228,3229,53053070308
3229,3230,53053073302
3230,3231,53053073302
3231,3232,53053073406
3232,3233,53053940010
3233,3234,53053940010
3234,3235,53053073407
3235,3236,53053073407
3236,3237,53053073407
3237,3238,53053073407
3238,3239,53053073407
3239,3240,53053073407
3240,3241,53053073408
3241,3242,53053073408
3242,3243,53053073408
3243,3244,53053073408
3244,3245,53053940010
3245,3246,53053071205
3246,3247,53053071205
3247,3248,53053940004
3248,3249,53053940004
3249,3250,53053063300
3250,3251,53053940004
3251,3252,53053063300
3252,3253,53053063300
3253,3254,53053063200
3254,3255,53053063200
3255,3256,53053063100
3256,3257,53053063100
3257,3258,53053063100
3258,3259,53053063100
3259,3260,53053063100
3260,3261,53053063501
3261,3262,53053071703
3262,3263,53053071703
3263,3264,53053063501
3264,3265,53053063502
3265,3266,53053063501
3266,3267,53053063502
3267,3268,53053063400
3268,3269,53053063400
3269,3270,53053071601
3270,3271,53053071601
3271,3272,53053071601
3272,3273,53053071601
3273,3274,53053071601
3274,3275,53053071601
3275,3276,53053940004
3276,3277,53053071100
3277,3278,53053071205
3278,3279,53053071205
3279,3280,53053073404
3280,3281,53053073404
3281,3282,53053073404
3282,3283,53053073404
3283,3284,53053073404
3284,3285,53053073404
3285,3286,53053073405
3286,3287,53053073406
3287,3288,53053073406
3288,3289,53053073406
3289,3290,53053073302
3290,3291,53053071210
3291,3292,53053070401
3292,3293,53053070401
3293,3294,53053070312
3294,3295,53053070308
3295,3296,53053070309
3296,3297,53053070309
3297,3298,53053070309
3298,3299,53053070205
3299,3300,53053070207
3300,3301,53053070207
3301,3302,53053070207
3302,3303,53053070207
3303,3304,53053070205
3304,3305,53053070205
3305,3306,53053070311
3306,3307,53053070310
3307,3308,53053070310
3308,3309,53053070312
3309,3310,53053070312
3310,3311,53053070401
3311,3312,53053070401
3312,3313,53053071209
3313,3314,53053071209
3314,3315,53053071207
3315,3316,53053071206
3316,3317,53053071206
3317,3318,53053071206
3318,3319,53053071206
3319,3320,53053071206
3320,3321,53053071206
3321,3322,53053071206
3322,3323,53053071100
3323,3324,53053071305
3324,3325,53053071305
3325,3326,53053071602
3326,3327,53053071305
3327,3328,53053071305
3328,3329,53053071602
3329,3330,53053071602
3330,3331,53053071602
3331,3332,53053071602
3332,3333,53053071705
3333,3334,53053071602
3334,3335,53053071705
3335,3336,53053071705
3336,3337,53053071705
3337,3338,53053071706
3338,3339,53053071703
3339,3340,53053071704
3340,3341,53053071706
3341,3342,53053071704
3342,3343,53053071704
3343,3344,53053071706
3344,3345,53053071806
3345,3346,53053072000
3346,3347,53053072000
3347,3348,53053072901
3348,3349,53053072000
3349,3350,53053072907
3350,3351,53053072905
3351,3352,53053072905
3352,3353,53053072906
3353,3354,53053072906
3354,3355,53053072906
3355,3356,53053071410
3356,3357,53053071411
3357,3358,53053071706
3358,3359,53053071504
3359,3360,53053071706
3360,3361,53053071504
3361,3362,53053071504
3362,3363,53053071504
3363,3364,53053071504
3364,3365,53053071504
3365,3366,53053071504
3366,3367,53053071602
3367,3368,53053071505
3368,3369,53053071305
3369,3370,53053071305
3370,3371,53053071307
3371,3372,53053071307
3372,3373,53053071304
3373,3374,53053071304
3374,3375,53053071207
3375,3376,53053071208
3376,3377,53053073110
3377,3378,53053071208
3378,3379,53053073111
3379,3380,53053073111
3380,3381,53053071304
3381,3382,53053073120
3382,3383,53053071304
3383,3384,53053071310
3384,3385,53053071309
3385,3386,53053071310
3386,3387,53053071306
3387,3388,53053071306
3388,3389,53053071506
3389,3390,53053071506
3390,3391,53053071505
3391,3392,53053071503
3392,3393,53053071503
3393,3394,53053071503
3394,3395,53053071503
3395,3396,53053071706
3396,3397,53053071403
3397,3398,53053071403
3398,3399,53053071408
3399,3400,53053071409
3400,3401,53053071506
3401,3402,53053071409
3402,3403,53053071306
3403,3404,53053071306
3404,3405,53053073108
3405,3406,53053073108
3406,3407,53053073108
3407,3408,53053073121
3408,3409,53053073122
3409,3410,53053073111
3410,3411,53053073123
3411,3412,53053070404
3412,3413,53053070404
3413,3414,53053070404
3414,3415,53053070100
3415,3416,53053070204
3416,3417,53053070100
3417,3418,53053070206
3418,3419,53053070206
3419,3420,53053070206
3420,3421,53053070100
3421,3422,53053070403
3422,3423,53053073113
3423,3424,53053073113
3424,3425,53053073113
3425,3426,53053073113
3426,3427,53053073125
3427,3428,53053073125
3428,3429,53053073125
3429,3430,53053073108
3430,3431,53053071407
3431,3432,53053073108
3432,3433,53053071407
3433,3434,53053071406
3434,3435,53053071410
3435,3436,53053071411
3436,3437,53053071411
3437,3438,53053073114
3438,3439,53053073005
3439,3440,53053073115
3440,3441,53053073116
3441,3442,53053073117
3442,3443,53053073119
3443,3444,53053073119
3444,3445,53053070100
3445,3446,53033031502
3446,3447,53053070100
3447,3448,53053070100
3448,3449,53053073200
3449,3450,53053073119
3450,3451,53053073200
3451,3452,53053073117
3452,3453,53053073005
3453,3454,53053073001
3454,3455,53053073001
3455,3456,53053073001
3456,3457,53053073001
3457,3458,53053073001
3458,3459,53053073001
3459,3460,53053073006
3460,3461,53053073006
3461,3462,53053073200
3462,3463,53053073200
3463,3464,53053073200
3464,3465,53053073200
3465,3466,53053073200
3466,3467,53035090101
3467,3468,53035090101
3468,3469,53035090101
3469,3470,53035090102
3470,3471,53035090102
3471,3472,53035090101
3472,3473,53035090202
3473,3474,53035090202
3474,3475,53035090202
3475,3476,53035090201
3476,3477,53035090201
3477,3478,53035090201
3478,3479,53035090201
3479,3480,53035090202
3480,3481,53035090202
3481,3482,53035090101
3482,3483,53035090202
3483,3484,53035090101
3484,3485,53035090102
3485,3486,53035090102
3486,3487,53035090102
3487,3488,53035940100
3488,3489,53035090202
3489,3490,53035090502
3490,3491,53035090502
3491,3492,53035090501
3492,3493,53035090202
3493,3494,53035090501
3494,3495,53035090400
3495,3496,53035090300
3496,3497,53035090300
3497,3498,53035090400
3498,3499,53035090400
3499,3500,53035090501
3500,3501,53035090502
3501,3502,53035090502
3502,3503,53035940100
3503,3504,53035940100
3504,3505,53035940100
3505,3506,53035940100
3506,3507,53035940100
3507,3508,53035091100
3508,3509,53035091100
3509,3510,53035091100
3510,3511,53035091100
3511,3512,53035091600
3512,3513,53035091203
3513,3514,53035091203
3514,3515,53035091203
3515,3516,53035090400
3516,3517,53035090400
3517,3518,53035090300
3518,3519,53035091302
3519,3520,53035091302
3520,3521,53035091302
3521,3522,53035091302
3522,3523,53035091201
3523,3524,53035091201
3524,3525,53035091201
3525,3526,53035091201
3526,3527,53035091201
3527,3528,53035091201
3528,3529,53035091201
3529,3530,53035091204
3530,3531,53035091204
3531,3532,53035091204
3532,3533,53035091204
3533,3534,53035091204
3534,3535,53035091204
3535,3536,53035091204
3536,3537,53035091600
3537,3538,53035091600
3538,3539,53035091600
3539,3540,53035091700
3540,3541,53035091700
3541,3542,53035091700
3542,3543,53035091800
3543,3544,53035091700
3544,3545,53035091800
3545,3546,53035091600
3546,3547,53035091900
3547,3548,53035091600
3548,3549,53035091900
3549,3550,53035091500
3550,3551,53035091900
3551,3552,53035091500
3552,3553,53035091500
3553,3554,53035091400
3554,3555,53035091302
3555,3556,53035091302
3556,3557,53035091302
3557,3558,53035091301
3558,3559,53035091301
3559,3560,53035092000
3560,3561,53035092000
3561,3562,53035091302
3562,3563,53035091302
3563,3564,53035080900
3564,3565,53035091400
3565,3566,53035091400
3566,3567,53035080900
3567,3568,53035080700
3568,3569,53035080101
3569,3570,53035080101
3570,3571,53035080102
3571,3572,53035080102
3572,3573,53035080200
3573,3574,53035080200
3574,3575,53035091800
3575,3576,53035080400
3576,3577,53035080200
3577,3578,53035080200
3578,3579,53035080102
3579,3580,53035080101
3580,3581,53035080101
3581,3582,53035080102
3582,3583,53035080300
3583,3584,53035080300
3584,3585,53035080300
3585,3586,53035080400
3586,3587,53035080400
3587,3588,53035080400
3588,3589,53035080400
3589,3590,53035080400
3590,3591,53035080400
3591,3592,53035080400
3592,3593,53035080300
3593,3594,53035080400
3594,3595,53035080500
3595,3596,53035080600
3596,3597,53035080600
3597,3598,53035080600
3598,3599,53035080600
3599,3600,53035080600
3600,3601,53035080600
3601,3602,53035080600
3602,3603,53035080600
3603,3604,53035080600
3604,3605,53035080700
3605,3606,53035080700
3606,3607,53035080900
3607,3608,53035081000
3608,3609,53035081000
3609,3610,53035081100
3610,3611,53035081000
3611,3612,53035081100
3612,3613,53035081100
3613,3614,53035081100
3614,3615,53035081100
3615,3616,53035081100
3616,3617,53035080600
3617,3618,53035081200
3618,3619,53035080500
3619,3620,53035080500
3620,3621,53035080500
3621,3622,53035080500
3622,3623,53035080500
3623,3624,53035080500
3624,3625,53035080500
3625,3626,53035081100
3626,3627,53035081000
3627,3628,53035081000
3628,3629,53035081000
3629,3630,53035081000
3630,3631,53035080900
3631,3632,53035080900
3632,3633,53035092000
3633,3634,53035092100
3634,3635,53035092600
3635,3636,53035092500
3636,3637,53035092600
3637,3638,53035092600
3638,3639,53035092600
3639,3640,53035092500
3640,3641,53035092500
3641,3642,53035092400
3642,3643,53035092500
3643,3644,53035092500
3644,3645,53035092300
3645,3646,53035092200
3646,3647,53035092200
3647,3648,53035092100
3648,3649,53035092200
3649,3650,53035092100
3650,3651,53035092100
3651,3652,53035092100
3652,3653,53035092100
3653,3654,53035092100
3654,3655,53035092200
3655,3656,53035092300
3656,3657,53035092300
3657,3658,53035092400
3658,3659,53035092400
3659,3660,53035092704
3660,3661,53035092704
3661,3662,53035092701
3662,3663,53035092701
3663,3664,53035092801
3664,3665,53035092801
3665,3666,53035092801
3666,3667,53035092802
3667,3668,53035092801
3668,3669,53035092100
3669,3670,53035092100
3670,3671,53035092100
3671,3672,53035092901
3672,3673,53035092901
3673,3674,53035092902
3674,3675,53035092802
3675,3676,53035092802
3676,3677,53035092802
3677,3678,53035092802
3678,3679,53035092803
3679,3680,53035092803
3680,3681,53035092902
3681,3682,53035090700
3682,3683,53035090800
3683,3684,53035090700
3684,3685,53035090700
3685,3686,53035090700
3686,3687,53035090800
3687,3688,53035090800
3688,3689,53035090800
3689,3690,53035090900
3690,3691,53035090900
3691,3692,53035090900
3692,3693,53035090900
3693,3694,53035090900
3694,3695,53035091000
3695,3696,53035091000
3696,3697,53035091000
3697,3698,53035091000
3698,3699,53035091000
3699,3700,53035091000
