GEOID,nonwhite,poor_english,no_bachelors,rent,cost_burdened,severe_cost_burdened,poverty_200, jobs_auto_30 , ln_jobs_auto_30 , jobs_transit_45 ,ln_jobs_transit_45,transit_qt_mile,transit_2025_half,dist_super,dist_pharm,dist_rest,dist_park,dist_school,prox_high_inc,at_risk_du,voting
53033011002,0.91,0.43,0.8,0.44,0.39,0.25,0.54,"757,468",1.4,"345,627",1.3,0,0.04,0.63,0.65,0.57,0.17,0.61,0,0.11,0.4
53033011001,0.87,0.32,0.76,0.65,0.49,0.25,0.66,"749,705",1.4,"358,254",1.3,0.46,0.91,0.27,0.29,0.18,0.07,0.41,0,0.08,0.42
53033011700,0.87,0.27,0.74,0.27,0.36,0.21,0.36,"661,265",1.3,"281,938",1.3,0.14,0.54,0.62,0.68,0.47,0.07,0.35,0,0.03,0.49
53033009100,0.83,0.49,0.72,0.93,0.37,0.11,0.65,"875,286",1.4,"675,841",1.3,1,1,0.08,0.07,0.03,0.02,0.5,0,0.05,0.34
53033011101,0.82,0.32,0.72,0.55,0.39,0.22,0.36,"719,919",1.3,"347,306",1.3,0.44,0.95,0.29,0.3,0.21,0.2,0.3,1,0.02,0.41
53033011800,0.82,0.32,0.74,0.52,0.46,0.26,0.57,"651,816",1.3,"231,901",1.2,0.04,0.15,0.33,0.38,0.26,0.11,0.29,0,0.04,0.47
53033028100,0.82,0.38,0.87,0.65,0.35,0.2,0.47,"563,888",1.3,"172,668",1.2,0.29,0.52,0.46,0.28,0.25,0.43,1.01,0,0.23,0.31
53033010401,0.81,0.4,0.68,0.21,0.31,0.19,0.4,"784,007",1.4,"359,938",1.3,0.16,0.35,0.73,0.43,0.39,0.05,0.25,0,0.07,0.49
53053071704,0.81,0.32,0.91,0.91,0.43,0.21,0.63,"256,258",1.2,"31,439",1,0,0,0.53,0.87,0.64,0.85,1.01,0,0.05,0.24
53033026300,0.79,0.15,0.87,0.35,0.34,0.2,0.29,"639,880",1.3,"35,034",1,0,0,0.7,1.15,0.87,0.09,0.8,0,0.05,0.53
53033026100,0.78,0.25,0.85,0.56,0.35,0.17,0.42,"459,615",1.3,"113,936",1.2,0,0,0.91,1.25,0.58,0.16,0.6,0,0.1,0.46
53033011900,0.78,0.16,0.67,0.33,0.28,0.17,0.36,"543,516",1.3,"59,633",1.1,0,0,1.14,1.36,0.64,0.21,0.54,0,0.01,0.6
53053940006,0.78,0.21,0.89,0.79,0.41,0.19,0.76,"307,241",1.3,"35,567",1,0,0,0.13,0.25,0.28,0,0.09,0,0.47,0.37
53053071805,0.77,0.18,0.91,0.79,0.45,0.29,0.52,"243,995",1.2,"32,448",1,0.14,0.45,0.36,0.49,0.23,0.43,0.24,0,0.56,0.28
53033010402,0.76,0.31,0.66,0.3,0.19,0.07,0.19,"835,995",1.4,"373,209",1.3,0,0,0.68,0.45,0.38,0.08,0.32,0,0.02,0.52
53053071806,0.76,0.18,0.9,0.92,0.54,0.3,0.76,"242,043",1.2,"22,662",1,0,0.29,1.14,0.85,0.39,0.33,0.43,1,0.32,0.25
53033028200,0.75,0.33,0.8,0.72,0.46,0.25,0.49,"563,832",1.3,"170,122",1.2,0.26,0.34,0.5,0.35,0.33,0.33,0.43,0,0.08,0.38
53033026002,0.74,0.17,0.73,0.53,0.42,0.24,0.44,"513,069",1.3,"177,608",1.2,0,0,0.68,0.78,0.44,0.21,0.66,0,0.08,0.44
53033026500,0.74,0.28,0.87,0.68,0.41,0.18,0.5,"627,132",1.3,"88,488",1.1,0,0,0.83,0.79,0.55,0.3,0.57,0,0.06,0.41
53033010702,0.73,0.24,0.71,0.65,0.33,0.18,0.59,"609,513",1.3,"259,994",1.2,0,0,0.22,0.8,0.54,0.04,0.34,0,0.08,0.53
53033029004,0.73,0.27,0.9,0.71,0.48,0.26,0.66,"384,795",1.3,"54,800",1.1,0,0,0.3,0.56,0.31,0.21,0.73,0,0.1,0.29
53033028402,0.72,0.24,0.82,0.58,0.37,0.18,0.45,"467,596",1.3,"119,085",1.2,0.08,0.07,0.48,0.35,0.38,0.38,0.36,0,0.03,0.38
53033028000,0.71,0.26,0.9,0.87,0.35,0.15,0.55,"549,527",1.3,"107,623",1.2,0,0,0.39,0.33,0.32,0.15,1.07,1,0.05,0.32
53033027200,0.7,0.27,0.76,0.43,0.37,0.26,0.39,"649,227",1.3,"90,303",1.1,0,0,0.33,0.79,0.45,0.21,0.63,0,0.12,0.39
53033027300,0.7,0.38,0.82,0.52,0.41,0.17,0.49,"558,916",1.3,"92,043",1.1,0,0,0.36,0.55,0.41,0.21,0.75,0,0.04,0.41
53033009400,0.69,0.29,0.59,0.61,0.38,0.23,0.35,"954,263",1.4,"518,853",1.3,0.08,0.99,0.36,0.47,0.4,0.1,0.34,1,0.13,0.59
53033028802,0.69,0.23,0.75,0.63,0.44,0.15,0.57,"439,338",1.3,"71,007",1.1,0.1,0.27,0.51,0.57,0.48,0.33,0.4,0,0.05,0.39
53033030004,0.69,0.17,0.83,0.69,0.47,0.23,0.47,"368,625",1.3,"53,316",1.1,0,0,0.43,0.43,0.31,0.25,0.45,0,0,0.36
53053063300,0.69,0.22,0.81,0.33,0.34,0.16,0.5,"294,563",1.3,"28,584",1,0,0,0.55,0.53,0.49,0.29,0.44,0,0.11,0.36
53033026400,0.68,0.23,0.84,0.61,0.4,0.23,0.48,"677,020",1.3,"42,329",1.1,0,0,0.56,0.82,0.48,0.28,0.34,0,0.05,0.43
53033025806,0.68,0.15,0.6,0.45,0.21,0.09,0.24,"404,301",1.3,"51,755",1.1,0,0,0.46,0.63,0.58,0.16,0.53,0,0.04,0.51
53033010001,0.67,0.24,0.57,0.47,0.35,0.2,0.34,"881,785",1.4,"421,159",1.3,0.29,0.43,0.39,0.48,0.21,0.08,0.52,1,0.07,0.54
53033029206,0.67,0.18,0.86,0.86,0.53,0.3,0.63,"432,247",1.3,"119,221",1.2,0,0,0.65,0.61,0.53,0.29,0.37,0,0.21,0.3
53053063502,0.67,0.15,0.87,0.47,0.35,0.13,0.41,"249,682",1.2,"33,184",1,0,0,0.5,0.87,0.35,0.33,0.26,0,0.07,0.44
53033023202,0.66,0.33,0.6,0.71,0.37,0.19,0.4,"504,632",1.3,"204,446",1.2,0,0,0.24,0.17,0.09,0.02,0.6,1,0,0.4
53033028902,0.66,0.28,0.86,0.66,0.35,0.13,0.52,"412,838",1.3,"59,880",1.1,0,0,0.41,0.65,0.27,0.08,0.33,0,0.33,0.32
53033010002,0.65,0.28,0.6,0.53,0.29,0.1,0.39,"929,822",1.4,"507,002",1.3,0.44,0.89,0.49,0.35,0.29,0.17,0.4,0,0.05,0.58
53033026801,0.65,0.22,0.84,0.65,0.45,0.26,0.37,"563,239",1.3,"94,035",1.1,0,0,0.84,0.51,0.36,0.16,0.39,0,0.02,0.36
53033026802,0.65,0.25,0.85,0.52,0.43,0.18,0.43,"536,671",1.3,"72,788",1.1,0,0,0.66,0.4,0.43,0.18,0.48,0,0.04,0.52
53033030006,0.65,0.31,0.86,0.84,0.53,0.28,0.5,"378,615",1.3,"70,846",1.1,0,0,0.34,0.17,0.17,0.07,0.46,0,0.06,0.34
53053940007,0.65,0.13,0.89,0.4,0.38,0.19,0.49,"315,720",1.3,"49,981",1.1,0,0,0.24,0.87,0.82,0.11,0.39,1,0.25,0.4
53033022801,0.64,0.24,0.23,0.67,0.2,0.13,0.14,"656,465",1.3,"217,349",1.2,0,0.11,0.8,0.88,0.51,0.05,0.73,0,0,0.36
53033028403,0.64,0.21,0.87,0.57,0.4,0.17,0.5,"456,217",1.3,"102,027",1.2,0,0.27,0.53,0.81,0.33,0.4,0.32,0,0.03,0.35
53033032313,0.64,0.17,0.39,0.56,0.21,0.11,0.2,"378,479",1.3,"68,885",1.1,0,0.13,0.81,0.61,0.54,0.23,1.14,0,0.01,0.36
53033029503,0.64,0.32,0.85,0.76,0.49,0.24,0.56,"338,972",1.3,"42,035",1.1,0,0,0.32,0.3,0.27,0.16,0.51,0,0.02,0.26
53033026001,0.64,0.16,0.67,0.25,0.25,0.17,0.27,"413,368",1.3,"34,232",1,0,0,1.54,1.61,0.53,0.21,0.48,0,0.03,0.6
53033029408,0.64,0.18,0.86,0.54,0.45,0.17,0.43,"325,500",1.3,"26,299",1,0,0,0.75,0.44,0.43,0.25,0.29,0,0.01,0.49
53033009000,0.63,0.22,0.56,0.74,0.41,0.19,0.37,"911,508",1.4,"472,497",1.3,0.31,0.94,0.2,0.45,0.17,0.07,0.34,0,0.06,0.53
53033010100,0.63,0.12,0.54,0.48,0.36,0.19,0.34,"842,344",1.4,"409,531",1.3,0.09,0.15,0.32,0.3,0.23,0.11,0.31,1,0.05,0.68
53033023603,0.63,0.27,0.43,0.74,0.18,0.14,0.24,"592,216",1.3,"199,685",1.2,0,0.12,0.31,0.45,0.34,0.4,0.36,0,0.02,0.34
53033023201,0.63,0.2,0.25,0.7,0.25,0.09,0.15,"549,737",1.3,"221,610",1.2,0,0,0.23,0.25,0.2,0.24,0.44,0,0,0.31
53033011200,0.63,0.24,0.77,0.55,0.48,0.22,0.6,"680,528",1.3,"91,901",1.1,0,0,0.59,0.76,0.57,0.15,0.41,0,0.09,0.49
53033030005,0.63,0.16,0.86,0.38,0.37,0.14,0.5,"353,079",1.3,"37,201",1.1,0,0,0.46,0.39,0.53,0.1,0.38,0,0.02,0.35
53033025601,0.63,0.24,0.69,0.38,0.3,0.13,0.25,"383,833",1.3,"18,132",1,0,0,0.57,0.57,0.59,0.23,0.82,0,0,0.54
53053071601,0.63,0.2,0.87,0.48,0.35,0.19,0.55,"277,168",1.3,"12,953",0.9,0,0,0.66,0.58,0.37,0.49,0.56,0,0.19,0.45
53033011102,0.62,0.2,0.6,0.45,0.3,0.21,0.44,"702,374",1.3,"317,750",1.3,0,0.01,0.55,0.44,0.28,0.27,0.43,0,0.03,0.56
53061041904,0.62,0.23,0.89,0.83,0.57,0.25,0.62,"262,965",1.2,"82,718",1.1,0,0,0.59,0.54,0.33,0.15,0.4,1,0.06,0.34
53033029403,0.62,0.24,0.75,0.33,0.31,0.11,0.31,"353,397",1.3,"30,726",1,0,0,0.49,0.48,0.4,0.41,0.42,0,0.03,0.47
53033023604,0.61,0.25,0.51,0.58,0.27,0.13,0.31,"561,501",1.3,"263,678",1.2,0,0,0.4,0.42,0.39,0.13,0.39,0,0.01,0.44
53033026200,0.61,0.17,0.72,0.7,0.4,0.23,0.28,"518,405",1.3,"235,121",1.2,0,0.14,0.7,0.6,0.5,0.27,0.37,0,0.03,0.45
53033029203,0.61,0.08,0.89,0.8,0.47,0.25,0.47,"390,542",1.3,"170,004",1.2,0.15,0.74,0.3,0.38,0.24,0.1,0.76,0,0.16,0.33
53061041812,0.61,0.3,0.79,0.62,0.31,0.13,0.41,"295,387",1.3,"85,055",1.1,0,0,0.46,0.37,0.27,0.34,0.64,0,0.1,0.36
53053071808,0.61,0.26,0.89,0.57,0.32,0.17,0.61,"251,574",1.2,"42,430",1.1,0,0,0.41,0.42,0.22,0.09,1.01,0,0.14,0.33
53033025400,0.61,0.21,0.76,0.73,0.43,0.18,0.48,"403,732",1.3,"34,095",1,0,0,0.48,0.42,0.37,0.19,0.5,0,0.07,0.38
53033025805,0.61,0.21,0.75,0.47,0.41,0.1,0.32,"381,067",1.3,"29,614",1,0,0,0.51,0.83,0.56,0.52,0.36,0,0.09,0.55
53053071807,0.6,0.1,0.89,0.76,0.38,0.17,0.47,"247,277",1.2,"42,809",1.1,0,0.02,0.38,0.38,0.18,0.41,0.49,0,0.53,0.33
53033026600,0.59,0.2,0.74,0.32,0.33,0.12,0.31,"493,128",1.3,"141,335",1.2,0,0,0.34,0.21,0.29,0.15,0.65,1,0.09,0.49
53053063501,0.59,0.16,0.86,0.45,0.3,0.15,0.35,"257,199",1.2,"47,576",1.1,0,0,0.67,0.55,0.29,0.15,0.34,0,0.06,0.41
53033029601,0.59,0.21,0.82,0.3,0.32,0.17,0.28,"312,042",1.3,"13,417",1,0,0,0.55,0.59,0.43,0.08,0.42,0,0.06,0.54
53033030311,0.59,0.14,0.77,0.26,0.37,0.2,0.31,"297,040",1.3,"26,790",1,0,0,0.54,0.59,0.46,0.2,0.29,0,0,0.49
53033010300,0.58,0.15,0.61,0.51,0.3,0.2,0.39,"779,561",1.4,"382,714",1.3,0.08,0.45,0.32,0.3,0.18,0.17,0.33,1,0.04,0.7
53033029101,0.58,0.12,0.57,0.31,0.23,0.14,0.35,"421,115",1.3,"49,127",1.1,0,0,0.69,0.76,0.49,0.12,0.48,0,0.01,0.52
53033030314,0.58,0.17,0.8,0.62,0.4,0.25,0.41,"329,324",1.3,"36,861",1.1,0,0,0.34,0.41,0.38,0.18,0.65,0,0.07,0.46
53053062300,0.58,0.19,0.82,0.33,0.35,0.23,0.46,"304,672",1.3,"48,086",1.1,0,0,0.43,0.47,0.41,0.19,0.23,0,0.05,0.45
53061051803,0.58,0.2,0.74,0.76,0.55,0.27,0.46,"300,886",1.3,"89,002",1.1,0,0,0.41,0.42,0.25,0.36,0.97,0,0.19,0.43
53053061700,0.58,0.08,0.76,0.4,0.24,0.13,0.35,"281,028",1.3,"87,629",1.1,0,0,0.38,0.48,0.37,0.15,0.31,0,0.29,0.55
53053061800,0.58,0.12,0.86,0.45,0.41,0.32,0.42,"280,088",1.3,"62,291",1.1,0,0,0.31,0.34,0.33,0.17,0.28,0,0.11,0.51
53053063000,0.58,0.12,0.91,0.49,0.3,0.1,0.34,"262,941",1.2,"53,717",1.1,0,0,1.29,0.58,0.33,0.21,0.39,0,0.12,0.43
53033030801,0.58,0.19,0.94,0.43,0.42,0.24,0.58,"258,836",1.2,"26,165",1,0,0.03,0.58,0.76,0.53,0.19,0.45,0,0.01,0.24
53033025803,0.58,0.16,0.78,0.48,0.43,0.15,0.43,"357,911",1.3,"11,536",0.9,0,0,0.4,0.94,0.87,0.25,0.44,0,0.01,0.43
53033024800,0.57,0.25,0.57,0.45,0.33,0.15,0.27,"549,932",1.3,"336,472",1.3,0,0,0.4,0.39,0.36,0.24,0.43,0,0.01,0.51
53033011402,0.57,0.22,0.62,0.57,0.29,0.14,0.39,"535,056",1.3,"225,150",1.2,0,0,0.28,0.3,0.24,0.23,0.38,1,0.06,0.53
53033025500,0.57,0.27,0.7,0.56,0.32,0.18,0.3,"380,969",1.3,"36,899",1.1,0,0,0.34,0.32,0.26,0.22,0.38,0,0.03,0.4
53053071703,0.57,0.21,0.87,0.94,0.5,0.23,0.53,"259,351",1.2,"43,334",1.1,0,0,0.28,1.06,0.49,0.42,0.92,0,0.02,0.24
53053940003,0.57,0.12,0.74,0.62,0.3,0.13,0.32,"341,418",1.3,"9,562",0.9,0,0,0.57,0.85,0.79,0.28,2.09,0,0.16,0.42
53033029406,0.57,0.19,0.66,0.24,0.22,0.13,0.28,"306,288",1.3,"2,867",0.8,0,0,1.34,0.88,0.86,0.17,0.45,0,0.02,0.56
53033022803,0.56,0.17,0.23,0.71,0.23,0.1,0.18,"563,584",1.3,"167,461",1.2,0,0.59,0.77,0.86,0.44,0.15,0.65,0,0.01,0.35
53033029003,0.56,0.15,0.84,0.63,0.31,0.15,0.38,"380,003",1.3,"54,469",1.1,0,0,0.36,0.69,0.4,0.11,0.61,0,0.01,0.43
53033029407,0.56,0.28,0.81,0.51,0.35,0.18,0.37,"337,797",1.3,"47,251",1.1,0,0,0.64,0.4,0.38,0.22,0.36,0,0.01,0.34
53061041809,0.56,0.27,0.75,0.66,0.36,0.22,0.44,"286,203",1.3,"74,539",1.1,0,0,0.34,0.32,0.3,0.77,0.62,0,0.21,0.46
53061041806,0.56,0.17,0.83,0.63,0.41,0.17,0.39,"273,122",1.3,"40,551",1.1,0,0,0.42,0.41,0.34,0.38,0.58,0,0.19,0.38
53033005302,0.55,0.09,0.45,0.97,0.55,0.47,0.67,"914,968",1.4,"614,402",1.3,0,0.33,0.14,0.23,0.12,0.11,0.38,0,0,0.01
53033005301,0.55,0.19,0.49,0.97,0.6,0.49,0.77,"912,138",1.4,"595,968",1.3,0,1,0.14,0.13,0.08,0.2,0.54,1,0.17,0.22
53033011401,0.55,0.19,0.73,0.54,0.32,0.14,0.33,"603,442",1.3,"290,011",1.3,0,0,0.53,0.54,0.35,0.16,0.59,0,0.03,0.55
53033028300,0.55,0.12,0.68,0.23,0.23,0.14,0.17,"451,273",1.3,"63,994",1.1,0,0.01,0.69,0.7,0.61,0.24,0.65,0,0.03,0.55
53033027600,0.55,0.19,0.65,0.51,0.36,0.16,0.46,"408,757",1.3,"39,456",1.1,0,0,0.56,0.89,0.39,0.06,0.44,0,0.01,0.5
53061051701,0.55,0.19,0.72,0.55,0.36,0.18,0.34,"286,565",1.3,"75,914",1.1,0,0.01,0.24,0.24,0.18,0.24,0.38,0,0.02,0.45
53033029303,0.55,0.12,0.62,0.43,0.24,0.11,0.19,"376,578",1.3,"32,397",1,0,0,0.44,0.49,0.48,0.53,0.82,0,0.08,0.55
53033025804,0.55,0.16,0.68,0.2,0.23,0.06,0.26,"335,845",1.3,"7,714",0.9,0,0,0.62,1.12,1.02,0.13,0.41,0,0.01,0.59
53033009300,0.54,0.17,0.58,0.51,0.28,0.17,0.29,"895,663",1.4,"510,780",1.3,0.29,0.4,0.4,0.51,0.35,0.13,0.39,0,0.01,0.61
53033029204,0.54,0.15,0.74,0.53,0.33,0.1,0.24,"374,900",1.3,"68,087",1.1,0.01,0.08,0.62,0.58,0.6,0.23,0.68,0,0.03,0.42
53033030003,0.54,0.13,0.73,0.39,0.29,0.2,0.44,"365,691",1.3,"48,711",1.1,0,0,0.45,0.55,0.4,0.3,0.43,0,0.02,0.48
53053073126,0.53,0.14,0.73,0.31,0.19,0.08,0.3,"75,716",1.1,0,0,0,0,0.57,0.64,0.63,1.85,0.24,0,0.01,0.52
53033023803,0.53,0.14,0.21,0.86,0.16,0.13,0.16,"650,186",1.3,"500,719",1.3,0,0.75,0.18,0.1,0.05,0.12,1.07,0,0.07,0.45
53033027100,0.53,0.13,0.83,0.62,0.4,0.21,0.48,"617,647",1.3,"82,354",1.1,0,0,0.56,0.97,0.47,0.21,0.38,0,0.05,0.5
53033029102,0.53,0.11,0.8,0.3,0.29,0.15,0.32,"409,944",1.3,"43,277",1.1,0,0,0.72,0.62,0.62,0.18,0.93,0,0.01,0.55
53061051804,0.53,0.14,0.64,0.3,0.19,0.06,0.16,"299,337",1.3,"67,025",1.1,0,0,0.7,0.89,0.49,0.16,0.25,0,0.43,0.46
53053060200,0.53,0.26,0.63,0.6,0.22,0.12,0.52,"290,402",1.3,"65,598",1.1,0,0.07,0.61,0.56,0.4,0.22,0.78,0,0.01,0.3
53033030310,0.53,0.17,0.65,0.45,0.33,0.24,0.27,"334,155",1.3,"23,790",1,0,0,0.65,0.47,0.5,0.17,0.2,0,0.01,0.57
53053062801,0.53,0.08,0.85,0.84,0.46,0.31,0.51,"248,367",1.2,"35,885",1,0,0,0.85,0.57,0.42,0.27,0.85,1,0.13,0.35
53033010701,0.52,0.13,0.64,0.58,0.38,0.23,0.44,"629,555",1.3,"325,256",1.3,0,0,0.33,0.89,0.49,0.07,0.42,0,0.06,0.67
53033011300,0.52,0.13,0.74,0.57,0.46,0.25,0.32,"567,934",1.3,"146,707",1.2,0,0,0.67,0.73,0.47,0.14,0.39,0,0.04,0.57
53033025302,0.52,0.12,0.68,0.88,0.41,0.2,0.46,"472,178",1.3,"167,380",1.2,0,0,0.7,0.79,0.27,0.25,0.61,0,0.1,0.41
53033027000,0.52,0.18,0.79,0.32,0.27,0.13,0.35,"609,206",1.3,"73,114",1.1,0,0,0.86,0.73,0.46,0.25,0.58,0,0.16,0.49
53033025102,0.52,0.13,0.51,0.28,0.18,0.11,0.15,"383,350",1.3,"14,843",1,0,0,0.44,0.41,0.37,0.26,0.43,0,0.02,0.61
53053072901,0.52,0.03,0.73,1,0.47,0.15,0.44,"161,689",1.2,"6,304",0.9,0,0,1.15,0.86,0.4,0.35,0.45,1,0,0.2
53033009200,0.51,0.19,0.65,0.96,0.35,0.15,0.51,"888,060",1.4,"687,348",1.3,1,1,0.13,0.24,0.08,0.06,0.64,1,0,0.52
53033023601,0.51,0.19,0.36,0.48,0.27,0.18,0.17,"630,016",1.3,"238,343",1.2,0,0.3,0.54,0.57,0.5,0.2,0.7,0,0.05,0.59
53033027400,0.51,0.16,0.81,0.28,0.35,0.19,0.27,"575,925",1.3,"98,135",1.1,0,0,0.56,0.47,0.47,0.21,0.53,0,0.1,0.54
53033029504,0.51,0.23,0.82,0.68,0.49,0.22,0.41,"331,067",1.3,"47,492",1.1,0,0,0.42,0.28,0.26,0.22,0.36,0,0.02,0.34
53061051802,0.51,0.17,0.64,0.34,0.28,0.15,0.23,"305,671",1.3,"66,674",1.1,0,0,0.46,0.47,0.34,0.23,0.54,0,0.05,0.61
53053061300,0.51,0.09,0.74,0.59,0.42,0.25,0.52,"269,290",1.3,"79,824",1.1,0,0,0.29,0.4,0.33,0.18,0.3,1,0.11,0.57
53053071705,0.51,0.11,0.88,0.5,0.36,0.21,0.49,"260,122",1.2,"43,387",1.1,0,0,0.61,0.5,0.39,1.06,0.51,0,0.13,0.41
53053063400,0.51,0.14,0.85,0.5,0.42,0.18,0.49,"258,792",1.2,"67,712",1.1,0,0,0.37,0.43,0.29,0.13,0.4,0,0.23,0.45
53033030802,0.51,0.2,0.91,0.51,0.29,0.13,0.46,"252,412",1.2,"26,602",1,0,0,0.62,1.06,0.66,0.13,0.37,0,0.03,0.43
53053062802,0.51,0.06,0.82,0.36,0.24,0.14,0.24,"246,273",1.2,"27,668",1,0,0.06,0.92,0.64,0.48,0.28,0.44,0,0.06,0.44
53033023804,0.5,0.17,0.23,0.73,0.23,0.13,0.14,"645,792",1.3,"535,145",1.3,0,0.75,0.24,0.35,0.17,0.19,1.3,0,0.01,0.44
53033010800,0.5,0.07,0.53,0.34,0.29,0.16,0.28,"642,167",1.3,"269,707",1.3,0,0,0.56,1.04,0.4,0.07,0.43,0,0.07,0.6
53033029205,0.5,0.15,0.71,0.41,0.29,0.15,0.32,"428,714",1.3,"109,027",1.2,0,0,0.66,0.6,0.5,0.28,0.22,0,0,0.46
53033027500,0.5,0.16,0.79,0.44,0.33,0.18,0.37,"505,339",1.3,"85,746",1.1,0,0,0.3,0.33,0.37,0.17,0.45,0,0.03,0.51
53033024901,0.5,0.14,0.3,0.07,0.09,0.08,0.09,"413,910",1.3,"51,561",1.1,0,0,1.04,0.72,0.66,0.14,0.35,0,0.01,0.74
53033030202,0.5,0.12,0.77,0.42,0.41,0.23,0.38,"358,212",1.3,"43,100",1.1,0,0,0.46,0.49,0.44,0.32,0.44,0,0.01,0.49
53033030313,0.5,0.16,0.85,0.58,0.45,0.24,0.43,"382,821",1.3,"31,572",1,0,0,0.44,0.21,0.2,0.24,0.93,0,0.04,0.4
53033030309,0.5,0.11,0.72,0.64,0.3,0.13,0.28,"326,463",1.3,"25,544",1,0,0,0.59,0.75,0.43,0.07,0.51,0,0,0.43
53033008500,0.49,0.11,0.69,0.9,0.4,0.22,0.48,"973,814",1.4,"552,522",1.3,0.68,1,0.05,0.22,0.17,0.11,0.59,0,0.13,0.28
53033008900,0.49,0.03,0.45,0.56,0.26,0.14,0.34,"919,724",1.4,"417,842",1.3,0,0.06,0.38,0.86,0.48,0.09,0.34,0,0.12,0.71
53033023401,0.49,0.14,0.34,0.39,0.24,0.13,0.21,"452,626",1.3,"339,596",1.3,0,0,0.52,0.54,0.4,0.14,0.74,0,0.01,0.54
53033032309,0.49,0.14,0.23,0.82,0.16,0.1,0.15,"454,066",1.3,"194,823",1.2,0,0.33,0.31,0.27,0.21,0.12,0.55,0,0.06,0.42
53033022605,0.49,0.19,0.48,0.63,0.31,0.15,0.17,"450,120",1.3,"126,295",1.2,0,0,0.46,0.76,0.41,0.18,1.01,0,0.02,0.44
53033028801,0.49,0.15,0.81,0.47,0.38,0.18,0.43,"429,573",1.3,"47,174",1.1,0,0.26,0.93,0.67,0.53,0.11,0.55,0,0.04,0.33
53053063100,0.49,0.09,0.84,0.34,0.34,0.19,0.36,"263,009",1.2,"57,840",1.1,0,0,0.51,0.39,0.33,0.27,0.55,0,0.06,0.52
53053061400,0.49,0.05,0.9,0.95,0.47,0.29,0.72,"261,821",1.2,"91,904",1.1,0,0,0.13,0.26,0.17,0.1,0.27,0,0.69,0.16
53033025701,0.49,0.16,0.69,0.68,0.39,0.17,0.32,"399,323",1.3,"34,513",1,0,0,0.71,1.07,0.89,0.19,0.61,0,0.11,0.56
53033030308,0.49,0.12,0.69,0.47,0.37,0.17,0.35,"312,832",1.3,"31,020",1,0,0,0.48,0.75,0.42,0.01,0.36,0,0,0.43
53033029502,0.49,0.21,0.72,0.21,0.27,0.17,0.26,"309,527",1.3,"16,678",1,0,0,0.93,0.71,0.5,0.12,0.52,0,0.03,0.56
53061051925,0.49,0.11,0.45,0.32,0.18,0.09,0.08,"304,698",1.3,"22,818",1,0,0,0.77,1.23,0.7,0.5,0.51,0,0.1,0.59
53033030201,0.49,0.13,0.76,0.4,0.39,0.19,0.36,"300,107",1.3,"23,674",1,0,0,0.89,1.29,1.16,0.15,0.37,0,0.01,0.48
53061041701,0.49,0.1,0.72,0.5,0.37,0.17,0.33,"283,536",1.3,"19,774",1,0,0,0.44,0.47,0.3,0.18,0.64,1,0.32,0.5
53053071706,0.49,0.04,0.81,0.71,0.39,0.2,0.53,"251,136",1.2,"31,772",1,0,0,0.81,0.71,0.37,0.77,0.47,0,0.01,0.29
53053072112,0.49,0.07,0.82,0.41,0.27,0.15,0.23,"140,773",1.2,"5,728",0.9,0,0,1.16,1.92,0.89,0.23,0.94,0,0.06,0.61
53033032329,0.48,0.07,0.2,0.31,0.15,0.11,0.05,"211,457",1.2,0,0,0,0,1.05,1.05,0.76,0.47,0.63,0,0,0.56
53033005200,0.48,0.12,0.3,0.8,0.48,0.37,0.53,"919,994",1.4,"554,258",1.3,0,0.42,0.21,0.3,0.14,0.11,0.24,0,0.06,0.42
53033023801,0.48,0.15,0.32,0.52,0.3,0.16,0.16,"608,122",1.3,"360,421",1.3,0,0.41,0.62,0.73,0.62,0.16,0.81,0,0.23,0.66
53033029801,0.48,0.11,0.71,0.54,0.31,0.18,0.33,"423,641",1.3,"34,421",1,0,0,0.82,0.85,0.85,0.18,0.46,0,0.02,0.43
53033020700,0.47,0.22,0.69,0.5,0.38,0.22,0.33,"379,263",1.3,"311,414",1.3,0,0,0.28,0.25,0.25,0.16,0.54,0,0.29,0.59
53053062000,0.47,0.09,0.84,0.51,0.4,0.19,0.43,"307,493",1.3,"59,343",1.1,0,0.06,0.56,0.38,0.29,0.21,0.55,1,0.24,0.43
53061051400,0.47,0.17,0.75,0.64,0.46,0.23,0.46,"295,958",1.3,"73,839",1.1,0,0.32,0.23,0.32,0.24,0.17,0.51,1,0.06,0.41
53061041810,0.47,0.14,0.83,0.79,0.41,0.19,0.39,"285,964",1.3,"81,616",1.1,0,0,0.38,0.38,0.27,0.62,0.6,0,0.41,0.36
53061041905,0.47,0.14,0.77,0.73,0.34,0.16,0.36,"283,702",1.3,"56,806",1.1,0,0,0.4,0.4,0.26,0.6,0.75,0,0.45,0.34
53053062900,0.47,0.13,0.84,0.6,0.36,0.22,0.35,"260,060",1.2,"63,122",1.1,0.03,0.32,0.99,0.62,0.29,0.21,0.53,0,0.4,0.43
53033030503,0.47,0.09,0.82,0.58,0.44,0.21,0.42,"356,996",1.3,"34,549",1,0,0,0.46,0.81,0.38,0.21,1.17,0,0.01,0.43
53033024903,0.47,0.18,0.28,0.09,0.06,0.05,0.06,"369,726",1.3,"1,797",0.7,0,0,0.73,1.4,0.64,0.05,0.93,0,0,0.75
53033022901,0.46,0.14,0.38,0.22,0.12,0.07,0.13,"489,136",1.3,"125,368",1.2,0,0.03,0.64,0.81,0.57,0.24,0.52,0,0,0.68
53061051702,0.46,0.16,0.71,0.42,0.33,0.18,0.32,"297,719",1.3,"59,324",1.1,0,0.03,0.46,0.44,0.38,0.14,0.32,0,0.08,0.61
53061041903,0.46,0.25,0.83,0.66,0.38,0.18,0.51,"261,557",1.2,"64,184",1.1,0,0,0.69,0.64,0.36,0.03,0.48,1,0.19,0.36
53053062600,0.46,0.06,0.77,0.74,0.48,0.26,0.36,"259,340",1.2,"78,919",1.1,0.01,0.18,0.97,0.68,0.3,0.26,0.67,0,0.56,0.45
53053071803,0.46,0.11,0.8,0.78,0.47,0.25,0.46,"240,739",1.2,"41,208",1.1,0,0,0.77,0.71,0.4,0.27,0.47,1,0.22,0.35
53033025101,0.46,0.17,0.57,0.37,0.2,0.12,0.28,"427,609",1.3,"31,008",1,0,0,0.6,0.38,0.31,0.2,0.47,0,0.06,0.58
53033029305,0.46,0.19,0.67,0.24,0.21,0.16,0.21,"376,855",1.3,"25,498",1,0,0,0.63,0.52,0.59,0.25,0.34,0,0.05,0.6
53033030304,0.46,0.16,0.71,0.21,0.2,0.09,0.33,"335,733",1.3,"14,952",1,0,0,1.28,0.98,0.77,0.09,0.9,0,0.07,0.55
53033030312,0.46,0.16,0.8,0.48,0.38,0.18,0.29,"301,099",1.3,"23,966",1,0,0,0.39,0.41,0.44,0.2,0.52,1,0.01,0.46
53033031704,0.46,0.14,0.76,0.29,0.21,0.11,0.24,"240,379",1.2,"13,815",1,0,0,0.99,1.04,1.02,0.39,0.64,0,0.07,0.53
53053071503,0.46,0.08,0.85,0.55,0.37,0.18,0.38,"228,980",1.2,"16,087",1,0,0,0.48,0.48,0.35,0.11,0.72,0,0.05,0.48
53033029802,0.46,0.1,0.76,0.21,0.24,0.11,0.29,"378,466",1.3,"12,719",0.9,0,0,0.9,0.85,1.12,0.24,0.51,0,0.04,0.62
53033031907,0.46,0.09,0.49,0.16,0.18,0.1,0.15,"262,422",1.2,"1,674",0.7,0,0,0.96,0.95,0.61,0.41,0.65,0,0,0.72
53053072907,0.46,0.07,0.86,1,0.5,0.18,0.59,"31,429",1,373,0.6,0,0,0.55,1.6,0.6,1.75,0.2,0,0,0.14
53053072903,0.46,0.07,0.82,0.99,0.42,0.16,0.3,"53,212",1.1,147,0.5,0,0,1.02,2.34,0.5,0.45,3.16,0,0,0.16
53033007200,0.45,0.02,0.28,0.87,0.27,0.15,0.16,"874,505",1.4,"584,361",1.3,0.38,0.98,0.16,0.15,0.13,0.09,0.31,0,0.01,0.52
53053061601,0.45,0.1,0.65,0.91,0.38,0.21,0.59,"269,127",1.3,"100,403",1.2,0,0,0.19,0.29,0.09,0.14,0.31,0,0.3,0.51
53033032325,0.45,0.09,0.36,0.49,0.21,0.13,0.18,"391,981",1.3,"74,072",1.1,0,0.03,0.75,0.73,0.72,0.09,0.55,0,0.02,0.6
53033025200,0.45,0.16,0.6,0.31,0.22,0.12,0.21,"419,405",1.3,"25,836",1,0,0,0.82,0.8,0.45,0.15,0.54,0,0.09,0.56
53053071602,0.45,0.1,0.86,0.54,0.39,0.17,0.41,"263,259",1.2,"23,987",1,0,0,0.8,0.71,0.46,1.12,0.89,0,0.07,0.44
53033025702,0.45,0.08,0.66,0.28,0.17,0.07,0.23,"313,505",1.3,"8,615",0.9,0,0,0.75,0.96,0.89,0.33,0.36,0,0,0.64
53053073108,0.45,0.1,0.84,0.28,0.14,0.05,0.22,"90,011",1.1,26,0.3,0,0,1.23,1.26,1.02,1.11,0.93,0,0.1,0.53
53033008700,0.44,0.09,0.49,0.67,0.33,0.18,0.42,"944,508",1.4,"467,569",1.3,0.11,0.57,0.42,0.49,0.29,0.12,0.54,0,0.08,0.63
53033000401,0.44,0.11,0.62,0.75,0.48,0.22,0.4,"562,921",1.3,"301,821",1.3,0,0,0.22,0.33,0.22,0.11,0.35,1,0,0.58
53033021000,0.44,0.11,0.64,0.27,0.23,0.11,0.23,"482,206",1.3,"289,012",1.3,0,0.3,0.45,0.54,0.4,0.16,0.34,0,0,0.65
53033023500,0.44,0.11,0.41,0.29,0.16,0.11,0.14,"592,133",1.3,"211,524",1.2,0,0,0.79,0.84,0.79,0.14,0.4,0,0.01,0.75
53033021100,0.44,0.14,0.66,0.44,0.21,0.1,0.32,"478,465",1.3,"215,569",1.2,0,0.23,0.36,0.49,0.41,0.13,0.57,0,0.03,0.58
53033029700,0.44,0.19,0.82,0.52,0.49,0.18,0.42,"364,666",1.3,"48,315",1.1,0.01,0.03,0.51,0.43,0.44,0.17,0.71,0,0.06,0.46
53053072311,0.44,0.07,0.71,0.65,0.33,0.19,0.38,"220,927",1.2,"64,511",1.1,0,0,0.4,0.47,0.36,0.18,0.59,1,0.48,0.66
53061041703,0.44,0.12,0.7,0.29,0.2,0.12,0.24,"293,110",1.3,"22,507",1,0,0,0.55,0.85,0.48,0.23,0.49,0,0.1,0.62
53033031206,0.44,0.2,0.73,0.42,0.27,0.17,0.37,"256,507",1.2,"15,432",1,0,0,1.71,0.84,0.6,0.25,0.77,0,0.08,0.43
53053071901,0.44,0.04,0.79,0.48,0.33,0.15,0.3,"238,169",1.2,"32,277",1,0,0.07,0.43,0.49,0.28,0.48,0.42,0,0.08,0.51
53033030401,0.44,0.14,0.76,0.35,0.26,0.16,0.33,"366,051",1.3,"6,952",0.9,0,0,0.9,0.92,0.67,0.38,1.07,0,0.05,0.54
53053072106,0.44,0.07,0.8,0.63,0.34,0.16,0.42,"213,817",1.2,"12,644",0.9,0,0,0.37,0.43,0.33,0.2,0.34,1,0.55,0.53
53035091203,0.44,0.03,0.61,0.51,0.27,0.07,0.22,"82,105",1.1,"6,334",0.9,0,0,0.69,1.18,0.72,0.36,0.63,0,0.02,0.51
53053071411,0.44,0.06,0.85,0.24,0.18,0.1,0.24,"80,122",1.1,"5,423",0.9,0,0,0.41,0.41,0.42,3.23,1.78,0,0.07,0.51
53033030902,0.44,0.08,0.88,0.52,0.36,0.19,0.34,"271,588",1.3,"3,579",0.8,0,0,1.06,0.93,0.56,0.17,0.59,1,0.04,0.42
53033031908,0.44,0.12,0.65,0.57,0.33,0.14,0.31,"269,570",1.3,"2,918",0.8,0,0,0.72,0.71,0.6,0.54,0.34,0,0,0.55
53033004302,0.43,0.17,0.33,0.91,0.54,0.36,0.65,"837,049",1.4,"462,116",1.3,0,0.21,0.33,0.42,0.16,0.06,0.72,1,0.02,0.33
53033000700,0.43,0.14,0.53,0.51,0.34,0.19,0.31,"651,821",1.3,"379,632",1.3,0,0,0.22,0.34,0.16,0.12,0.43,1,0.04,0.64
53033025005,0.43,0.08,0.3,0.29,0.17,0.12,0.11,"408,707",1.3,"27,736",1,0,0,0.7,0.66,0.44,0.05,0.81,0,0.06,0.67
53061051905,0.43,0.11,0.72,0.35,0.36,0.18,0.26,"319,608",1.3,"30,786",1,0,0.11,0.42,0.5,0.37,0.24,0.5,0,0.1,0.58
53053940005,0.43,0.11,0.76,0.21,0.2,0.11,0.2,"309,381",1.3,"14,433",1,0,0,1.04,0.6,0.6,0.13,0.45,0,0.08,0.54
53061042006,0.43,0.12,0.58,0.62,0.23,0.13,0.1,"261,328",1.2,"13,885",1,0,0,0.71,0.74,0.43,0.27,0.47,0,0.04,0.56
53033025006,0.43,0.09,0.26,0.28,0.13,0.11,0.14,"298,284",1.3,"11,477",0.9,0,0,1.49,1.09,1.15,0.11,1.44,0,0.01,0.71
53033031205,0.43,0.09,0.72,0.3,0.3,0.15,0.26,"268,422",1.3,"11,134",0.9,0,0,1.65,0.73,0.62,0.32,0.52,0,0.04,0.57
53033032214,0.43,0.08,0.24,0.12,0.09,0.08,0.04,"178,715",1.2,"10,726",0.9,0,0,1.13,1.03,1.04,0.22,0.9,0,0.04,0.66
53053071403,0.43,0.07,0.86,0.29,0.22,0.11,0.29,"151,509",1.2,"6,217",0.9,0,0,0.92,0.95,0.75,0.39,0.68,0,0.08,0.48
53033029405,0.43,0.17,0.71,0.16,0.22,0.1,0.17,"318,929",1.3,"2,296",0.8,0,0,1.04,1.02,1,0.26,0.25,0,0.02,0.64
53053071410,0.43,0.02,0.87,0.25,0.19,0.12,0.33,"91,623",1.1,"3,811",0.8,0,0,0.63,0.71,0.61,2.65,1.43,0,0.11,0.52
53033000200,0.42,0.14,0.46,0.44,0.33,0.16,0.22,"608,408",1.3,"272,279",1.3,0,0.38,0.36,0.3,0.22,0.17,0.41,0,0.05,0.69
53033000100,0.42,0.17,0.52,0.68,0.4,0.23,0.36,"548,739",1.3,"346,106",1.3,0,0,0.21,0.17,0.14,0.15,0.83,0,0.07,0.57
53033024701,0.42,0.12,0.49,0.31,0.21,0.14,0.26,"497,027",1.3,"104,282",1.2,0,0,1.03,0.44,0.4,0.18,0.5,0,0.01,0.61
53053061602,0.42,0.07,0.67,0.9,0.29,0.12,0.5,"280,519",1.3,"110,983",1.2,0,0.41,0.34,0.2,0.17,0.33,0.52,0,0.21,0.59
53053061900,0.42,0.09,0.71,0.53,0.37,0.25,0.52,"299,027",1.3,"97,562",1.1,0,0,0.25,0.44,0.29,0.38,0.51,1,0.44,0.47
53061041901,0.42,0.2,0.71,0.35,0.36,0.19,0.33,"288,018",1.3,"68,874",1.1,0,0,0.45,0.59,0.28,0.39,0.69,1,0.37,0.5
53061051601,0.42,0.17,0.72,0.4,0.26,0.14,0.33,"287,137",1.3,"45,660",1.1,0,0,0.69,0.72,0.68,0.17,0.39,0,0.06,0.63
53033024902,0.42,0.08,0.35,0.19,0.19,0.09,0.11,"385,018",1.3,"28,487",1,0,0,0.84,1.76,0.88,0.08,0.65,0,0,0.72
53033029306,0.42,0.15,0.71,0.23,0.25,0.11,0.13,"351,823",1.3,"22,839",1,0,0,0.5,0.6,0.55,0.26,0.48,0,0.06,0.57
53035091900,0.42,0.07,0.78,0.23,0.22,0.12,0.23,"78,232",1.1,"5,666",0.9,0,0,0.73,0.64,0.64,0.69,0.37,0,0.08,0.49
53033029304,0.42,0.11,0.64,0.25,0.15,0.08,0.09,"329,141",1.3,"3,266",0.8,0,0,0.68,0.86,0.72,0.22,0.49,0,0.05,0.64
53053072000,0.42,0.1,0.87,0.67,0.54,0.28,0.65,"140,171",1.2,"4,340",0.8,0,0,1.51,1.32,0.75,0.78,0.41,1,0.34,0.35
53061052209,0.42,0.1,0.89,0.6,0.46,0.26,0.57,"61,798",1.1,"4,469",0.8,0,0,0.75,1.14,0.61,0.13,0.89,1,0.15,0.2
53033025003,0.42,0.08,0.34,0.31,0.11,0.07,0.08,"353,594",1.3,"1,639",0.7,0,0,0.99,0.78,0.96,0.13,0.92,0,0,0.68
53033032215,0.42,0.11,0.19,0.08,0.07,0.06,0.07,"126,438",1.2,521,0.6,0,0,1.69,1.65,1.68,0.04,0.81,0,0.03,0.74
53033008600,0.41,0.12,0.34,0.8,0.49,0.27,0.41,"908,001",1.4,"467,043",1.3,0.8,1,0.2,0.21,0.13,0.1,0.41,0,0.06,0.4
53033024000,0.41,0.12,0.25,0.39,0.22,0.17,0.12,"765,146",1.4,"273,906",1.3,0,0.04,0.48,0.47,0.43,0.16,0.75,0,0.15,0.69
53033001200,0.41,0.2,0.53,0.74,0.5,0.27,0.42,"750,422",1.4,"436,534",1.3,0,0.34,0.18,0.29,0.14,0.12,0.42,1,0.17,0.57
53033001300,0.41,0.13,0.47,0.57,0.3,0.19,0.22,"736,579",1.4,"430,001",1.3,0,0.23,0.46,0.28,0.28,0.13,0.73,0,0.02,0.64
53033020300,0.41,0.15,0.6,0.6,0.41,0.18,0.31,"329,825",1.3,"232,678",1.2,0,0.07,0.34,0.45,0.32,0.22,0.38,1,0.05,0.61
53033028500,0.41,0.07,0.77,0.48,0.47,0.29,0.36,"432,229",1.3,"59,231",1.1,0,0,0.47,0.41,0.46,0.14,1.11,1,0.02,0.58
53033021904,0.41,0.18,0.55,0.29,0.2,0.11,0.21,"414,612",1.3,"76,786",1.1,0,0,0.57,0.71,0.68,0.19,0.39,0,0.01,0.6
53061041811,0.41,0.09,0.76,0.48,0.29,0.2,0.24,"294,544",1.3,"68,562",1.1,0,0,0.55,0.73,0.45,0.24,0.27,0,0.49,0.52
53061051500,0.41,0.19,0.72,0.54,0.35,0.21,0.38,"293,578",1.3,"71,490",1.1,0,0,0.48,0.51,0.4,0.14,0.27,1,0.12,0.48
53061050102,0.41,0.08,0.66,0.46,0.28,0.15,0.2,"289,880",1.3,"62,034",1.1,0,0,0.5,0.58,0.38,0.29,0.88,0,0.18,0.47
53061041808,0.41,0.16,0.84,0.51,0.4,0.21,0.41,"281,823",1.3,"39,902",1.1,0,0,0.56,0.64,0.36,0.22,0.32,0,0.34,0.42
53053062500,0.41,0.06,0.84,0.4,0.32,0.18,0.36,"274,796",1.3,"76,942",1.1,0,0,0.37,0.36,0.36,0.37,0.34,0,0.05,0.48
53033030306,0.41,0.06,0.7,0.17,0.16,0.09,0.18,"249,809",1.2,"6,185",0.9,0,0,0.94,1.1,0.95,0.21,0.35,0,0,0.61
53053072108,0.41,0.05,0.81,0.49,0.31,0.14,0.34,"179,670",1.2,"10,142",0.9,0,0,1.32,2.09,0.53,0.26,0.76,0,0.07,0.52
53033032212,0.41,0.09,0.26,0.21,0.13,0.05,0.03,"136,400",1.2,"5,400",0.9,0,0,0.33,0.5,0.51,0.39,0.6,0,0,0.66
53035080800,0.41,0.03,0.85,1,0.5,0.2,0.47,"86,158",1.1,399,0.6,0,0,0.21,0.81,0.8,0.46,0.28,1,0,0.46
53053071309,0.4,0.05,0.77,0.23,0.28,0.15,0.25,"133,970",1.2,0,0,0,0,1.35,1.68,1.49,0.96,0.99,0,0.1,0.74
53053071406,0.4,0.05,0.83,0.3,0.2,0.08,0.22,"101,203",1.2,0,0,0,0,1.37,1.5,1.41,1.51,0.85,0,0.23,0.59
53033008800,0.4,0.05,0.39,0.46,0.23,0.09,0.27,"979,701",1.4,"447,175",1.3,0,0,0.54,0.35,0.22,0.12,0.32,0,0.04,0.72
53061051200,0.4,0.09,0.68,0.41,0.31,0.16,0.28,"320,079",1.3,"44,274",1.1,0,0.12,0.59,0.64,0.39,0.15,0.3,0,0.01,0.58
53053071707,0.4,0.05,0.87,0.47,0.36,0.2,0.32,"257,109",1.2,"46,181",1.1,0,0,0.48,0.43,0.29,1.05,0.63,0,0.02,0.37
53053061002,0.4,0.13,0.79,0.69,0.34,0.22,0.41,"210,083",1.2,"76,969",1.1,0,0,0.4,0.3,0.37,0.4,0.51,0,0.32,0.57
53061051928,0.4,0.12,0.6,0.62,0.32,0.15,0.23,"301,026",1.3,"27,840",1,0,0,0.52,0.62,0.52,0.33,0.29,0,0.15,0.49
53033032318,0.4,0.08,0.24,0.11,0.06,0.04,0.04,"218,244",1.2,"20,078",1,0,0,0.72,0.72,0.82,0.71,0.37,0,0.03,0.67
53033032210,0.4,0.06,0.33,0.3,0.17,0.1,0.12,"193,602",1.2,"25,096",1,0,0,1.02,0.98,0.36,0.13,0.84,0,0.07,0.69
53033025602,0.4,0.12,0.54,0.06,0.12,0.07,0.13,"331,874",1.3,"5,020",0.9,0,0,0.69,0.69,0.63,0.17,0.67,0,0.02,0.68
53061052003,0.4,0.11,0.5,0.22,0.08,0.07,0.12,"267,826",1.2,"9,955",0.9,0,0,1.25,1.25,0.61,0.15,0.49,0,0.02,0.65
53053071408,0.4,0.1,0.91,0.36,0.29,0.12,0.43,"143,754",1.2,"11,202",0.9,0,0,0.86,0.86,0.71,0.94,0.23,0,0.1,0.41
53035080102,0.4,0.08,0.82,0.5,0.29,0.13,0.44,"80,142",1.1,"8,920",0.9,0,0,0.4,0.31,0.37,0.19,0.47,0,0.02,0.41
53061052208,0.4,0.17,0.8,0.63,0.29,0.11,0.41,"67,830",1.1,"7,764",0.9,0,0,0.38,0.53,0.45,0.12,0.33,1,0.07,0.54
53053072905,0.39,0.07,0.8,0.99,0.61,0.28,0.58,"25,001",1,0,0,0,0,2.04,0.46,0.52,1.15,0.81,0,0,0.16
53061041805,0.39,0.11,0.86,0.5,0.42,0.18,0.39,"261,491",1.2,"46,945",1.1,0,0,0.34,0.31,0.32,0.2,0.66,0,0.13,0.47
53061051922,0.39,0.09,0.53,0.19,0.2,0.15,0.14,"310,777",1.3,"14,286",1,0,0,0.91,1.02,0.83,0.22,0.76,0,0.2,0.64
53033031100,0.39,0.09,0.84,0.44,0.38,0.14,0.34,"245,691",1.2,"17,661",1,0,0,0.99,1.56,0.52,0.18,0.51,0,0.01,0.42
53053072312,0.39,0.13,0.65,0.56,0.31,0.13,0.4,"241,747",1.2,"17,630",1,0,0,0.68,0.6,0.56,0.2,0.78,0,0.27,0.52
53053071304,0.39,0.06,0.78,0.53,0.25,0.13,0.23,"179,300",1.2,"13,928",1,0,0,0.35,0.47,0.39,0.2,0.55,0,0.33,0.52
53033032211,0.39,0.1,0.32,0.22,0.15,0.1,0.04,"159,420",1.2,"14,124",1,0,0,0.45,0.5,0.51,0.34,0.44,0,0.03,0.73
53033032321,0.39,0.08,0.23,0.06,0.09,0.07,0.06,"345,806",1.3,"10,031",0.9,0,0,2.01,1.47,1.22,0.43,0.57,0,0.04,0.77
53035080200,0.39,0.07,0.84,0.53,0.41,0.19,0.48,"79,861",1.1,"7,804",0.9,0,0,0.43,0.42,0.24,0.35,0.55,0,0.05,0.46
53053071506,0.39,0.07,0.83,0.24,0.23,0.11,0.19,"160,320",1.2,"1,580",0.7,0,0,1.43,1.43,1.42,0.69,0.76,0,0.03,0.59
53061940002,0.38,0.03,0.83,0.26,0.23,0.13,0.33,"43,807",1.1,0,0,0,0,4.84,4.89,3.5,1.23,4.88,0,0,0.76
53033009500,0.38,0.08,0.39,0.28,0.2,0.09,0.3,"906,472",1.4,"416,637",1.3,0.11,0.26,0.32,0.35,0.27,0.07,0.32,0,0.09,0.76
53033008001,0.38,0.01,0.31,0.79,0.18,0.07,0.21,"835,449",1.4,"564,315",1.3,0,0.27,0.17,0.19,0.08,0.09,0.23,0,0.02,0.55
53033022606,0.38,0.16,0.43,0.29,0.19,0.08,0.14,"478,277",1.3,"136,335",1.2,0,0,0.61,1.07,0.59,0.21,0.65,0,0.04,0.6
53033022902,0.38,0.08,0.24,0.3,0.09,0.07,0.1,"445,734",1.3,"87,297",1.1,0,0,1.37,1.41,0.86,0.16,0.46,0,0.01,0.65
53033026700,0.38,0.12,0.62,0.28,0.26,0.15,0.26,"407,934",1.3,"66,816",1.1,0,0,0.79,0.5,0.45,0.15,0.52,0,0.02,0.72
53053071504,0.38,0.03,0.86,0.67,0.38,0.18,0.55,"248,439",1.2,"40,577",1.1,0,0,0.54,0.48,0.32,0.52,0.54,0,0.04,0.28
53033030504,0.38,0.1,0.86,0.51,0.34,0.18,0.38,"325,689",1.3,"30,967",1,0,0,0.4,0.39,0.33,0.23,0.29,0,0.02,0.49
53061051921,0.38,0.14,0.6,0.42,0.25,0.13,0.24,"308,078",1.3,"18,836",1,0,0,0.85,0.84,0.56,0.26,1.36,0,0.33,0.55
53061040200,0.38,0.19,0.89,0.8,0.46,0.19,0.54,"209,398",1.2,"35,884",1,0,0,0.5,0.38,0.36,0.17,0.32,0,0.09,0.36
53053072308,0.38,0.04,0.63,0.42,0.23,0.13,0.27,"203,190",1.2,"14,049",1,0,0,0.85,0.96,0.7,0.3,0.8,0,0.07,0.66
53053071409,0.38,0.02,0.91,0.4,0.32,0.12,0.4,"134,057",1.2,"8,234",0.9,0,0,0.91,0.91,0.75,0.98,0.24,0,0.15,0.39
53053940002,0.38,0.08,0.79,0.45,0.28,0.16,0.28,"342,829",1.3,"4,559",0.8,0,0,0.8,1,0.74,0.43,1.55,0,0.23,0.51
53053073122,0.38,0.04,0.75,0.34,0.21,0.14,0.19,"85,358",1.1,232,0.5,0,0,1.2,1.83,1.51,1.02,0.55,0,0.18,0.68
53033008200,0.37,0.11,0.32,0.84,0.33,0.22,0.25,"1,004,382",1.4,"615,195",1.3,0.33,1,0.08,0.18,0.1,0.08,0.78,0,0.01,0.56
53033007300,0.37,0.07,0.38,0.89,0.26,0.13,0.25,"926,288",1.4,"568,462",1.3,0.7,1,0.16,0.17,0.17,0.13,0.3,0,0.06,0.54
53033001000,0.37,0.1,0.37,0.41,0.24,0.14,0.33,"698,070",1.3,"331,435",1.3,0,0,0.66,0.88,0.35,0.14,0.36,1,0.03,0.74
53033022802,0.37,0.1,0.3,0.3,0.17,0.13,0.12,"494,046",1.3,"161,712",1.2,0,0.07,0.78,0.77,0.48,0.17,0.48,0,0.04,0.6
53033022005,0.37,0.08,0.44,0.46,0.22,0.12,0.11,"447,683",1.3,"130,097",1.2,0,0,0.24,0.46,0.21,0.17,0.63,0,0,0.52
53033032324,0.37,0.14,0.5,0.43,0.14,0.08,0.16,"406,692",1.3,"109,498",1.2,0,0.17,0.57,0.6,0.49,0.17,0.36,0,0.07,0.63
53053063200,0.37,0.09,0.86,0.36,0.39,0.2,0.39,"272,995",1.3,"75,538",1.1,0,0,0.3,0.36,0.38,0.32,0.41,0,0.07,0.46
53061051924,0.37,0.07,0.51,0.42,0.29,0.17,0.17,"296,204",1.3,"24,787",1,0,0,0.64,0.62,0.37,0.17,0.84,0,0.31,0.59
53053071505,0.37,0.04,0.86,0.37,0.27,0.1,0.22,"222,568",1.2,"16,319",1,0,0,0.96,0.96,0.91,0.51,0.59,0,0.1,0.52
53033024702,0.37,0.1,0.43,0.16,0.13,0.1,0.12,"478,425",1.3,"12,172",0.9,0,0,0.9,0.81,0.55,0.17,0.55,0,0.04,0.65
53053940008,0.37,0.07,0.6,0.37,0.21,0.14,0.19,"272,311",1.3,"6,644",0.9,0,0,1.01,0.77,0.61,0.27,0.44,0,0.03,0.66
53033031706,0.37,0.07,0.73,0.35,0.24,0.15,0.25,"226,818",1.2,"5,540",0.9,0,0,0.49,0.39,0.21,0.17,0.83,0,0.11,0.62
53035081000,0.37,0.02,0.88,0.59,0.29,0.12,0.45,"91,002",1.1,"7,821",0.9,0,0,0.75,0.53,0.3,0.5,0.43,1,0.06,0.36
53033029307,0.37,0.14,0.64,0.18,0.18,0.06,0.15,"317,406",1.3,276,0.6,0,0,1.29,1.45,1.26,0.13,0.41,0,0.02,0.63
53053072906,0.36,0.04,0.78,0.74,0.13,0,0.06,"34,410",1,0,0,0,0,2.08,2.12,1.34,2.94,NA,0,0,0.02
53053072800,0.36,0.02,0.49,0.5,0.19,0.09,0.16,"18,759",1,0,0,0,0,1.09,3,0.5,0.34,4.29,0,0.05,0.62
53033008100,0.36,0.04,0.46,0.76,0.26,0.13,0.34,"878,756",1.4,"672,253",1.3,0.9,1,0.11,0.16,0.05,0.09,0.71,0,0,0.56
53033000600,0.36,0.11,0.51,0.49,0.3,0.18,0.33,"692,426",1.3,"358,726",1.3,0,0.24,0.35,0.36,0.25,0.16,0.49,0,0.02,0.64
53033010200,0.36,0.09,0.37,0.22,0.19,0.13,0.13,"729,208",1.3,"248,457",1.2,0,0,0.57,0.3,0.22,0.25,0.35,0,0.01,0.92
53033023700,0.36,0.07,0.29,0.32,0.2,0.14,0.14,"715,947",1.3,"240,796",1.2,0,0.39,0.49,0.71,0.43,0.16,0.7,0,0,0.66
53061041704,0.36,0.13,0.62,0.63,0.28,0.12,0.23,"292,793",1.3,"30,026",1,0,0,0.34,0.34,0.23,0.17,0.95,0,0.06,0.55
53061041606,0.36,0.09,0.71,0.43,0.29,0.14,0.26,"280,906",1.3,"13,495",1,0,0,0.45,0.55,0.52,0.48,0.53,0,0.07,0.56
53053072307,0.36,0.03,0.69,0.47,0.37,0.19,0.3,"205,619",1.2,"26,273",1,0,0,0.75,0.72,0.69,0.32,0.37,0,0.08,0.69
53033029902,0.36,0.07,0.73,0.12,0.19,0.07,0.14,"350,378",1.3,"2,166",0.8,0,0,1.47,1.72,0.91,0.44,0.54,0,0.1,0.73
53033030901,0.36,0.14,0.91,0.25,0.4,0.19,0.42,"316,831",1.3,"4,137",0.8,0,0,1.3,0.91,0.53,0.2,0.9,0,0.15,0.49
53053073123,0.35,0.02,0.63,0.08,0.09,0.05,0.13,"78,700",1.1,0,0,0,0,1.09,1.47,1.1,0.98,0.73,0,0.1,0.71
53033023100,0.35,0.14,0.41,0.24,0.17,0.12,0.11,"441,214",1.3,"121,418",1.2,0,0,1,0.96,0.69,0.21,0.76,0,0.04,0.69
53033020600,0.35,0.13,0.65,0.22,0.29,0.21,0.22,"384,023",1.3,"209,448",1.2,0,0.21,0.45,0.43,0.4,0.14,0.37,0,0.13,0.76
53033020500,0.35,0.08,0.57,0.38,0.29,0.19,0.26,"376,945",1.3,"58,631",1.1,0,0.25,0.33,0.27,0.26,0.36,0.49,0,0.09,0.74
53033030600,0.35,0.07,0.88,0.45,0.34,0.18,0.33,"303,978",1.3,"40,955",1.1,0,0.1,0.48,0.49,0.23,0.16,0.52,0,0.09,0.5
53033030403,0.35,0.08,0.66,0.1,0.2,0.07,0.21,"346,786",1.3,"6,350",0.9,0,0,1.05,1.37,0.87,0.33,0.84,0,0.02,0.56
53053072105,0.35,0.05,0.67,0.18,0.15,0.08,0.18,"149,025",1.2,214,0.5,0,0,0.75,0.75,0.55,0.15,1.01,0,0,0.52
53033030501,0.34,0.1,0.86,0.85,0.6,0.32,0.52,"342,153",1.3,"60,249",1.1,0.37,0.1,0.61,0.78,0.49,0.38,1.05,0,0.15,0.36
53061050900,0.34,0.15,0.6,0.57,0.33,0.14,0.31,"335,086",1.3,"75,363",1.1,0,0,0.34,0.41,0.27,0.35,0.48,0,0.6,0.56
53061041100,0.34,0.1,0.81,0.47,0.36,0.11,0.4,"260,178",1.2,"53,014",1.1,0,0,0.45,0.72,0.25,0.33,0.39,0,0.15,0.53
53033025001,0.34,0.09,0.42,0.17,0.15,0.07,0.09,"429,663",1.3,"31,331",1,0,0,0.74,0.46,0.44,0.17,0.56,0,0.03,0.66
53061051300,0.34,0.07,0.62,0.38,0.23,0.13,0.13,"318,755",1.3,"28,110",1,0,0,0.48,0.49,0.35,0.12,0.33,0,0,0.65
53061052004,0.34,0.07,0.51,0.34,0.23,0.18,0.12,"283,037",1.3,"18,335",1,0,0,0.48,0.5,0.55,0.06,0.85,0,0.03,0.7
53061052006,0.34,0.09,0.56,0.13,0.16,0.07,0.09,"269,709",1.3,"18,092",1,0,0,0.94,0.94,0.88,0.06,0.51,0,0.01,0.75
53061041400,0.34,0.04,0.83,0.32,0.4,0.2,0.37,"258,782",1.2,"35,267",1,0,0,0.69,0.48,0.49,0.17,0.79,0,0.1,0.54
53033030305,0.34,0.07,0.73,0.19,0.31,0.13,0.29,"253,061",1.2,"6,435",0.9,0,0,1.45,1.6,1.43,0.25,0.48,0,0.01,0.55
53053070316,0.34,0.05,0.56,0.46,0.25,0.05,0.13,"202,380",1.2,"3,249",0.8,0,0,0.43,0.47,0.41,0.32,1.34,0,0.12,0.4
53053071306,0.34,0.08,0.81,0.21,0.13,0.08,0.14,"171,609",1.2,167,0.5,0,0,1.3,1.61,1.5,0.88,0.66,0,0.15,0.59
53035090300,0.33,0,0.85,1,0.5,0.19,0.44,"77,900",1.1,0,0,0,0,0.58,0.79,0.56,1.43,1.1,1,0,0.11
53033007402,0.33,0.03,0.43,0.8,0.4,0.17,0.38,"922,955",1.4,"593,609",1.3,0.64,1,0.15,0.08,0.15,0.11,0.42,0,0.03,0.58
53033007100,0.33,0.08,0.27,0.81,0.22,0.13,0.16,"785,848",1.4,"500,789",1.3,0,0.04,0.13,0.2,0.12,0.16,0.65,0,0.01,0.63
53033025301,0.33,0.15,0.58,0.65,0.23,0.09,0.17,"475,295",1.3,"64,506",1.1,0,0,0.76,0.71,0.36,0.18,0.75,0,0.02,0.58
53033022603,0.33,0.08,0.51,0.38,0.2,0.11,0.1,"462,055",1.3,"81,311",1.1,0,0,0.52,0.63,0.37,0.17,0.65,0,0.02,0.63
53033021700,0.33,0.1,0.54,0.43,0.26,0.12,0.23,"297,445",1.3,"86,653",1.1,0,0,0.58,0.5,0.43,0.18,0.53,0,0.05,0.59
53033021906,0.33,0.11,0.51,0.27,0.24,0.13,0.2,"438,297",1.3,"33,729",1,0,0,0.39,0.71,0.4,0.09,0.56,0,0.01,0.68
53033032323,0.33,0.05,0.3,0.32,0.11,0.06,0.04,"370,298",1.3,"28,432",1,0,0,1.41,0.83,0.84,0.16,0.27,0,0.04,0.73
53061051927,0.33,0.12,0.53,0.13,0.11,0.06,0.1,"295,614",1.3,"20,347",1,0,0,0.64,0.78,0.6,0.23,0.46,0,0.12,0.69
53061042005,0.33,0.09,0.4,0.12,0.12,0.08,0.1,"269,581",1.3,"16,111",1,0,0,0.97,0.97,0.7,0.28,0.52,0,0.14,0.78
53033029901,0.33,0.1,0.75,0.23,0.26,0.1,0.15,"350,027",1.3,"9,492",0.9,0,0,0.78,0.7,0.76,0.26,0.4,0,0.06,0.57
53033029602,0.33,0.12,0.58,0.08,0.17,0.08,0.2,"276,559",1.3,"8,588",0.9,0,0,0.98,1.14,0.64,0.16,0.6,0,0.03,0.66
53033031703,0.33,0.1,0.67,0.16,0.19,0.12,0.17,"269,639",1.3,"7,834",0.9,0,0,1.09,0.81,0.65,0.34,0.73,0,0.03,0.68
53053060903,0.33,0.05,0.69,0.44,0.18,0.11,0.29,"195,990",1.2,"11,166",0.9,0,0,0.4,0.69,0.41,0.26,0.52,0,0.12,0.75
53061051915,0.33,0.05,0.55,0.14,0.15,0.08,0.09,"301,700",1.3,"3,851",0.8,0,0,1.32,1.43,1.26,0.45,0.56,0,0.04,0.75
53053072111,0.33,0.04,0.69,0.33,0.23,0.15,0.32,"138,109",1.2,"2,167",0.8,0,0,1.13,1.87,0.81,0.24,1.17,0,0.02,0.65
53033001100,0.32,0.1,0.39,0.28,0.23,0.13,0.15,"795,295",1.4,"360,292",1.3,0,0,0.58,0.62,0.48,0.16,0.38,0,0.01,0.73
53033001800,0.32,0.1,0.4,0.51,0.23,0.12,0.28,"773,071",1.4,"442,238",1.3,0,0.03,0.64,0.53,0.23,0.21,0.57,0,0.04,0.59
53033027900,0.32,0.09,0.73,0.54,0.27,0.18,0.23,"467,075",1.3,"102,138",1.2,0,0,0.32,0.57,0.32,0.29,0.47,1,0.07,0.6
53033028700,0.32,0.08,0.73,0.14,0.22,0.12,0.2,"447,942",1.3,"49,465",1.1,0,0,1.22,0.51,0.51,0.22,0.4,0,0.01,0.69
53033022202,0.32,0.07,0.47,0.45,0.23,0.14,0.13,"413,340",1.3,"69,210",1.1,0,0,0.38,0.79,0.36,0.07,0.51,0,0.01,0.65
53061051100,0.32,0.07,0.74,0.4,0.31,0.12,0.27,"338,566",1.3,"64,799",1.1,0,0.4,0.52,0.71,0.34,0.19,0.56,0,0.13,0.67
53053062400,0.32,0.08,0.79,0.47,0.38,0.2,0.38,"286,592",1.3,"83,912",1.1,0,0,0.29,0.35,0.24,0.3,0.36,0,0.08,0.48
53053061200,0.32,0.02,0.73,0.51,0.25,0.12,0.34,"256,048",1.2,"81,390",1.1,0,0,0.37,0.4,0.32,0.23,0.37,0,0.14,0.53
53033032203,0.32,0.1,0.32,0.14,0.16,0.11,0.06,"219,808",1.2,"8,345",0.9,0,0,1.32,1.23,0.81,0.32,0.83,0,0.06,0.76
53035081400,0.32,0,0.79,1,0,0,0.07,"84,994",1.1,"11,805",0.9,1,0,0.77,0.52,0.39,0.4,1.22,0,0,0.02
53061041605,0.32,0.09,0.66,0.3,0.18,0.11,0.27,"273,490",1.3,"3,470",0.8,0,0,0.47,0.42,0.39,0.24,0.3,0,0.03,0.55
53053072107,0.32,0.04,0.75,0.18,0.2,0.14,0.19,"182,074",1.2,"2,706",0.8,0,0,0.94,1.13,0.92,0.29,0.58,0,0.02,0.71
53061041601,0.32,0.14,0.74,0.23,0.29,0.15,0.19,"255,695",1.2,"1,196",0.7,0,0,0.71,0.75,0.81,0.82,0.45,0,0.06,0.62
53033006700,0.31,0.06,0.26,0.68,0.18,0.08,0.12,"876,753",1.4,"484,247",1.3,0.02,0.33,0.35,0.36,0.24,0.07,0.45,0,0.03,0.59
53033001701,0.31,0.03,0.34,0.53,0.2,0.09,0.21,"682,606",1.3,"415,664",1.3,0,0,0.27,0.24,0.18,0.1,0.5,0,0.02,0.63
53033005802,0.31,0.04,0.31,0.63,0.26,0.11,0.17,"645,357",1.3,"364,267",1.3,0,0,0.67,0.4,0.57,0.07,0.5,0,0.04,0.68
53033022703,0.31,0.08,0.35,0.32,0.12,0.08,0.17,"510,175",1.3,"107,031",1.2,0,0,0.44,0.88,0.57,0.16,0.25,0,0.02,0.84
53033022006,0.31,0.17,0.52,0.41,0.23,0.13,0.26,"415,986",1.3,"84,440",1.1,0,0,0.38,0.76,0.34,0.16,0.52,0,0.02,0.65
53033023403,0.31,0.1,0.4,0.25,0.19,0.15,0.14,"401,381",1.3,"41,444",1.1,0,0,1,0.95,0.8,0.07,0.43,0,0.01,0.72
53061050700,0.31,0.09,0.5,0.39,0.27,0.08,0.16,"306,291",1.3,"40,635",1.1,0,0,0.46,0.55,0.42,0.45,0.15,0,0.05,0.72
53061041202,0.31,0.11,0.86,0.52,0.49,0.28,0.55,"254,258",1.2,"50,718",1.1,0,0,0.3,0.27,0.21,0.36,0.74,1,0.11,0.46
53033029001,0.31,0.1,0.73,0.25,0.29,0.19,0.26,"355,604",1.3,"23,135",1,0,0,0.7,1.21,0.74,0.18,0.44,0,0.01,0.6
53033022102,0.31,0.08,0.38,0.17,0.2,0.12,0.1,"297,561",1.3,"19,197",1,0,0,0.95,0.91,0.75,0.33,0.57,0,0.05,0.82
53061051923,0.31,0.06,0.55,0.34,0.19,0.12,0.1,"292,577",1.3,"25,343",1,0,0,0.41,0.39,0.39,0.14,1.06,0,0.02,0.65
53061052007,0.31,0.06,0.56,0.16,0.15,0.07,0.14,"283,317",1.3,"17,338",1,0,0,0.8,0.77,0.75,0.16,0.42,0,0.01,0.66
53033030700,0.31,0.09,0.91,0.6,0.41,0.22,0.51,"281,431",1.3,"29,382",1,0,0.04,0.49,0.87,0.46,0.12,0.3,0,0.07,0.49
53053071902,0.31,0.06,0.59,0.37,0.2,0.15,0.22,"227,217",1.2,"14,198",1,0,0,1.01,1.03,0.6,0.57,0.56,0,0.01,0.69
53061041304,0.31,0.06,0.52,0.21,0.15,0.04,0.1,"207,853",1.2,"29,880",1,0,0,1.45,2.49,0.86,0.32,1.23,0,0.01,0.76
53035091600,0.31,0.03,0.75,0.41,0.26,0.1,0.15,"75,782",1.1,"8,796",0.9,0,0,0.85,0.54,0.83,0.84,0.49,0,0.07,0.53
53053073406,0.31,0.04,0.72,0.57,0.22,0.12,0.26,"256,915",1.2,"4,853",0.8,0,0,0.67,0.71,0.55,0.61,0.51,0,0.02,0.58
53061940001,0.31,0.03,0.81,0.23,0.19,0.11,0.26,"76,601",1.1,503,0.6,0,0,2.3,1.42,1.36,1.9,1.75,0,0.01,0.57
53033008400,0.3,0.05,0.36,0.9,0.43,0.18,0.29,"993,213",1.4,"593,546",1.3,0.71,1,0.19,0.1,0.08,0.11,0.71,1,0.1,0.73
53033007800,0.3,0.02,0.18,0.26,0.19,0.12,0.1,"908,339",1.4,"366,066",1.3,0,0,0.62,0.66,0.25,0.08,0.32,0,0.01,0.9
53033004400,0.3,0.05,0.22,0.74,0.44,0.3,0.51,"879,159",1.4,"533,347",1.3,0,0.74,0.26,0.19,0.14,0.15,0.67,0,0.04,0.48
53033024300,0.3,0.05,0.25,0.41,0.21,0.16,0.14,"875,419",1.4,"398,833",1.3,0,0.09,0.39,0.43,0.37,0.12,0.81,0,0.02,0.72
53033024200,0.3,0.06,0.18,0.1,0.1,0.08,0.08,"814,217",1.4,"278,021",1.3,0,0,1.37,1.36,1.44,0.23,1.22,0,0.03,0.85
53033001900,0.3,0.08,0.4,0.42,0.26,0.12,0.21,"788,332",1.4,"413,200",1.3,0,0.6,0.33,0.68,0.2,0.24,0.43,0,0.03,0.7
53033004000,0.3,0.06,0.2,0.37,0.22,0.08,0.26,"787,681",1.4,"278,746",1.3,0,0,0.71,1.01,0.4,0.11,0.24,0,0,0.75
53033023900,0.3,0.12,0.3,0.28,0.18,0.09,0.17,"670,902",1.3,"318,875",1.3,0,0.14,0.67,0.9,0.59,0.13,0.82,0,0.1,0.7
53033022604,0.3,0.08,0.43,0.23,0.18,0.08,0.12,"514,242",1.3,"125,976",1.2,0,0,0.31,0.36,0.26,0.13,0.38,0,0.03,0.67
53033023300,0.3,0.19,0.5,0.22,0.23,0.16,0.24,"424,024",1.3,"126,089",1.2,0,0,0.82,0.83,0.54,0.08,0.41,0,0.01,0.66
53033020900,0.3,0.07,0.5,0.3,0.26,0.15,0.23,"403,875",1.3,"243,965",1.2,0,0,0.31,0.27,0.28,0.26,0.47,0,0.03,0.64
53033021300,0.3,0.09,0.45,0.43,0.22,0.12,0.17,"374,995",1.3,"247,757",1.2,0,0,0.45,0.77,0.27,0.22,0.42,0,0.05,0.7
53033028901,0.3,0.08,0.69,0.43,0.23,0.12,0.12,"399,918",1.3,"37,257",1.1,0,0,0.61,0.5,0.19,0.13,0.37,0,0.04,0.64
53061042004,0.3,0.08,0.73,0.37,0.19,0.09,0.19,"281,861",1.3,"66,854",1.1,0,0,0.62,0.63,0.63,0.62,0.54,0,0.23,0.59
53061041303,0.3,0.09,0.69,0.47,0.24,0.13,0.15,"207,691",1.2,"41,228",1.1,0,0,1.4,1.48,0.97,0.11,1.66,0,0.23,0.63
53033030100,0.3,0.09,0.59,0.19,0.17,0.09,0.2,"299,071",1.3,"14,839",1,0,0,1.4,1.5,1.24,0.29,0.42,0,0.01,0.66
53053072313,0.3,0.05,0.58,0.23,0.09,0.06,0.17,"237,169",1.2,"17,612",1,0,0,0.8,0.92,0.56,0.15,0.85,0,0.04,0.75
53033032208,0.3,0.04,0.39,0.4,0.25,0.18,0.13,"227,892",1.2,"13,823",1,0,0,0.74,0.77,0.59,0.2,0.96,0,0.11,0.65
53061052905,0.3,0.06,0.87,0.61,0.45,0.23,0.5,"101,744",1.2,"32,190",1,0,0,0.47,0.47,0.38,0.77,0.28,0,0.65,0.45
53035080500,0.3,0.01,0.82,0.71,0.43,0.24,0.51,"75,062",1.1,"33,198",1,0.01,0.28,0.33,0.94,0.25,0.14,1.5,1,0.1,0.46
53053073405,0.3,0.05,0.74,0.68,0.26,0.14,0.3,"265,732",1.2,"9,542",0.9,0,0,0.36,0.67,0.3,0.42,0.51,0,0.08,0.49
53053071208,0.3,0.06,0.79,0.44,0.31,0.16,0.28,"161,135",1.2,"9,517",0.9,0,0,0.46,0.54,0.38,0.63,0.79,0,0.19,0.58
53035091500,0.3,0.02,0.64,0.2,0.11,0.04,0.15,"75,086",1.1,"6,824",0.9,0,0,1.37,0.98,1.5,0.34,0.59,0,0.04,0.55
53061051926,0.3,0.1,0.47,0.09,0.08,0.06,0.1,"266,994",1.2,"4,340",0.8,0,0,1.15,1.73,1.54,0.57,0.8,0,0.07,0.68
53035091700,0.3,0.02,0.75,0.23,0.22,0.09,0.18,"72,784",1.1,"1,609",0.7,0,0,0.99,1.09,0.64,0.71,0.58,0,0.03,0.59
53061052107,0.29,0.09,0.54,0.17,0.11,0.07,0.16,"254,018",1.2,0,0,0,0,1.34,1.35,1.26,0.94,0.89,0,0.01,0.66
53053073125,0.29,0.02,0.79,0.22,0.2,0.15,0.24,"71,490",1.1,0,0,0,0,0.89,0.93,0.78,1.26,0.36,0,0.12,0.63
53053071407,0.29,0.05,0.78,0.16,0.23,0.1,0.22,"69,755",1.1,0,0,0,0,1.65,1.65,1.66,2.16,0.73,0,0.04,0.57
53033007500,0.29,0.04,0.29,0.82,0.29,0.14,0.26,"950,343",1.4,"498,597",1.3,0.54,1,0.14,0.19,0.11,0.1,0.45,0,0.03,0.79
53033008002,0.29,0.05,0.49,0.79,0.35,0.26,0.43,"893,709",1.4,"610,837",1.3,0.36,1,0.17,0.14,0.05,0.09,0.27,1,0.03,0.49
53033023000,0.29,0.1,0.43,0.13,0.14,0.09,0.08,"441,180",1.3,"116,118",1.2,0,0,1.24,1.21,0.75,0.23,0.37,0,0.01,0.73
53033020401,0.29,0.12,0.59,0.37,0.27,0.13,0.2,"343,543",1.3,"37,733",1.1,0,0.28,0.57,0.68,0.41,0.28,0.48,0,0.13,0.66
53061040400,0.29,0.03,0.72,0.61,0.37,0.2,0.4,"217,103",1.2,"48,900",1.1,0,0,0.3,0.31,0.23,0.21,0.59,0,0.22,0.46
53033021802,0.29,0.09,0.48,0.36,0.28,0.18,0.14,"334,730",1.3,"35,434",1,0,0,0.55,0.8,0.49,0.2,0.33,0,0.02,0.64
53053060905,0.29,0.08,0.68,0.54,0.32,0.14,0.32,"209,566",1.2,"27,845",1,0,0,0.48,0.51,0.53,0.47,0.42,0,0.07,0.63
53061052903,0.29,0.09,0.92,0.73,0.47,0.21,0.46,"109,646",1.2,"30,997",1,0,0,0.53,0.54,0.39,0.19,0.48,0,0.4,0.41
53053072109,0.29,0.06,0.5,0.35,0.25,0.09,0.18,"148,774",1.2,"3,540",0.8,0,0,1.33,2.1,0.63,0.18,0.93,0,0.02,0.58
53035092200,0.29,0.03,0.81,0.51,0.31,0.14,0.34,"34,761",1,"4,391",0.8,0.06,0.16,0.59,0.88,0.61,0.65,0.93,0,0.03,0.49
53035090502,0.29,0.07,0.57,0.23,0.31,0.18,0.28,"59,207",1.1,469,0.6,0,0,0.5,0.57,0.54,0.32,0.61,0,0.04,0.74
53033007700,0.28,0,0.31,0.45,0.21,0.05,0.14,"970,357",1.4,"502,221",1.3,0,0,0.38,0.45,0.22,0.1,0.56,0,0.07,0.79
53033009900,0.28,0.02,0.37,0.45,0.25,0.11,0.17,"644,889",1.3,"396,950",1.3,0,0.11,0.23,0.69,0.43,0.1,0.66,0,0.11,0.73
53033024400,0.28,0.07,0.32,0.64,0.28,0.17,0.1,"818,668",1.4,"234,261",1.2,0,0.07,0.43,0.76,0.72,0.18,0.6,0,0,0.81
53033021804,0.28,0.07,0.55,0.36,0.3,0.15,0.2,"341,580",1.3,"63,418",1.1,0,0,0.38,0.44,0.36,0.12,0.43,0,0.08,0.67
53061051000,0.28,0.1,0.71,0.5,0.26,0.09,0.18,"327,952",1.3,"56,737",1.1,0,0.22,0.34,0.52,0.35,0.18,0.76,0,0.02,0.56
53033021803,0.28,0.07,0.57,0.41,0.27,0.14,0.25,"336,502",1.3,"35,978",1,0,0,0.38,0.41,0.26,0.13,0.56,0,0.08,0.71
53033032316,0.28,0.05,0.25,0.12,0.1,0.06,0.08,"293,783",1.3,"20,051",1,0,0,1.6,1.57,1.53,0.23,0.6,0,0.01,0.83
53053072309,0.28,0.03,0.63,0.56,0.26,0.12,0.31,"197,304",1.2,"14,416",1,0,0,0.81,1.02,0.49,0.3,0.43,0,0.14,0.71
53035080600,0.28,0.02,0.65,0.41,0.31,0.16,0.43,"82,746",1.1,"20,524",1,0,0,0.56,0.59,0.38,0.17,0.91,0,0.03,0.46
53033031909,0.28,0.03,0.5,0.24,0.19,0.1,0.13,"282,707",1.3,"4,406",0.8,0,0,0.73,0.79,0.56,0.23,0.35,0,0.04,0.69
53053073121,0.28,0.02,0.65,0.25,0.15,0.01,0.09,"98,871",1.2,778,0.7,0,0,0.76,0.76,0.53,1.35,0.33,0,0.02,0.68
53053940011,0.27,0.04,0.5,0.1,0.1,0.08,0.09,"222,536",1.2,0,0,0,0,1.9,0.92,0.91,0.36,0.63,0,0.06,0.73
53033031202,0.27,0.02,0.76,0.27,0.14,0.1,0.19,"97,749",1.1,0,0,0,0,3.72,4.26,2.45,0.73,1.91,0,0.01,0.71
53033007401,0.27,0.02,0.28,0.77,0.21,0.12,0.19,"878,834",1.4,"509,277",1.3,0.17,1,0.16,0.14,0.12,0.08,0.32,0,0.02,0.67
53033004301,0.27,0.04,0.26,0.5,0.33,0.18,0.39,"827,645",1.4,"428,154",1.3,0,0.02,0.39,0.45,0.1,0.08,0.56,0,0,0.67
53033021903,0.27,0.07,0.48,0.36,0.28,0.15,0.2,"443,552",1.3,"140,513",1.2,0,0,0.24,0.3,0.3,0.19,0.52,0,0.07,0.62
53033021905,0.27,0.1,0.49,0.17,0.15,0.09,0.21,"462,154",1.3,"54,420",1.1,0,0,0.55,0.76,0.5,0.15,0.57,0,0.01,0.62
53061051602,0.27,0.09,0.67,0.28,0.24,0.11,0.19,"283,844",1.3,"49,253",1.1,0,0,0.67,0.7,0.42,0.32,0.66,0,0.02,0.61
53053061500,0.27,0.02,0.59,0.88,0.37,0.24,0.39,"255,646",1.2,"81,129",1.1,0,0,0.15,0.18,0.11,0.12,0.42,0,0.43,0.56
53061041201,0.27,0.1,0.74,0.35,0.2,0.13,0.26,"233,552",1.2,"38,197",1.1,0,0,0.99,1.15,0.95,0.29,0.44,0,0.03,0.54
53061040700,0.27,0.05,0.85,0.86,0.46,0.24,0.57,"228,580",1.2,"78,252",1.1,0.04,0.64,0.25,0.44,0.24,0.15,0.4,0,0.4,0.48
53061051918,0.27,0.07,0.55,0.21,0.2,0.05,0.13,"325,896",1.3,"29,165",1,0,0,0.64,0.64,0.44,0.38,0.78,0,0.06,0.74
53033020402,0.27,0.06,0.57,0.3,0.28,0.13,0.19,"325,871",1.3,"28,942",1,0,0,0.73,1.02,0.52,0.29,0.66,0,0.03,0.72
53053071305,0.27,0.07,0.88,0.35,0.24,0.09,0.25,"257,597",1.2,"15,830",1,0,0,1.2,1.26,1.24,1.31,0.57,0,0.13,0.46
53061052115,0.27,0.07,0.55,0.08,0.13,0.11,0.13,"251,738",1.2,"7,484",0.9,0,0,0.45,0.47,0.44,0.43,0.48,0,0.01,0.71
53033031903,0.27,0.05,0.64,0.15,0.17,0.09,0.13,"262,840",1.2,"3,724",0.8,0,0,2.2,2.16,0.91,0.38,1.09,0,0.05,0.73
53061052706,0.27,0.06,0.71,0.19,0.21,0.1,0.14,"108,024",1.2,"1,916",0.8,0,0,0.71,0.82,0.67,0.7,1.2,0,0.06,0.6
53035080101,0.27,0.05,0.76,0.4,0.3,0.16,0.29,"78,544",1.1,"4,359",0.8,0,0,0.64,0.62,0.65,0.27,0.54,0,0.04,0.42
53033031906,0.27,0.07,0.52,0.09,0.09,0.09,0.08,"211,458",1.2,131,0.5,0,0,1.73,1.71,1.19,0.16,1.46,0,0.04,0.72
53033031705,0.26,0.05,0.68,0.14,0.15,0.07,0.08,"231,216",1.2,0,0,0,0,1.49,1.66,0.86,0.15,0.81,0,0.05,0.63
53033001702,0.26,0.06,0.45,0.43,0.29,0.14,0.23,"618,355",1.3,"392,265",1.3,0,0,0.26,0.27,0.24,0.21,0.37,0,0.02,0.83
53033005801,0.26,0.06,0.44,0.62,0.27,0.11,0.19,"584,201",1.3,"287,899",1.3,0,0,0.76,0.4,0.4,0.14,0.46,0,0.03,0.76
53033002400,0.26,0.04,0.33,0.25,0.19,0.13,0.1,"819,354",1.4,"220,007",1.2,0,0,0.33,0.32,0.59,0.2,0.33,0,0,0.88
53033024500,0.26,0.04,0.19,0.14,0.12,0.1,0.06,"741,469",1.4,"86,243",1.1,0,0,0.8,1.18,1.2,0.22,0.47,0,0,0.87
53033021600,0.26,0.09,0.5,0.24,0.25,0.14,0.21,"267,944",1.2,"45,668",1.1,0,0,0.64,0.78,0.56,0.23,0.61,0,0.11,0.8
53053060906,0.26,0.03,0.67,0.24,0.16,0.12,0.17,"212,680",1.2,"53,038",1.1,0,0,0.44,0.45,0.41,0.36,0.5,0,0.01,0.66
53053071307,0.26,0.04,0.81,0.4,0.23,0.12,0.31,"217,877",1.2,"10,831",0.9,0,0,0.69,0.75,0.79,1.19,0.85,0,0.28,0.64
53035091201,0.26,0.02,0.75,0.58,0.3,0.15,0.21,"85,646",1.1,"6,579",0.9,0,0,0.8,0.7,0.6,0.5,0.6,0,0.11,0.54
53061041608,0.26,0.06,0.57,0.09,0.11,0.07,0.04,"259,340",1.2,"3,224",0.8,0,0,0.69,0.82,0.58,0.65,0.48,0,0.02,0.77
53053073120,0.26,0.03,0.75,0.25,0.32,0.14,0.26,"136,016",1.2,"1,382",0.7,0,0,0.6,0.7,0.51,0.59,0.92,0,0.15,0.4
53035091800,0.26,0.02,0.74,0.21,0.15,0.04,0.18,"76,741",1.1,"1,365",0.7,0,0,1.18,1.26,0.77,0.4,0.97,0,0.05,0.64
53061041607,0.25,0.09,0.59,0.11,0.07,0.07,0.06,"259,947",1.2,0,0,0,0,1.21,1.25,1.11,0.58,0.91,0,0.02,0.74
53053071310,0.25,0.05,0.72,0.22,0.16,0.08,0.17,"156,977",1.2,0,0,0,0,1.14,1.76,1.68,1.09,1.26,0,0.11,0.8
53033007900,0.25,0.05,0.31,0.7,0.33,0.19,0.29,"997,149",1.4,"495,765",1.3,0,0.37,0.18,0.22,0.21,0.11,0.7,0,0.03,0.68
53033007600,0.25,0.05,0.28,0.68,0.17,0.08,0.2,"986,448",1.4,"533,179",1.3,0,0.24,0.12,0.19,0.19,0.1,0.59,0,0.03,0.78
53033002100,0.25,0.06,0.36,0.32,0.14,0.08,0.15,"788,972",1.4,"343,079",1.3,0,0,0.44,0.56,0.23,0.23,0.36,0,0.02,0.76
53033010900,0.25,0.01,0.55,0.55,0.37,0.17,0.25,"744,383",1.4,"360,001",1.3,0,0,0.4,1.21,0.2,0.12,0.91,0,0.22,0.65
53053072310,0.25,0.03,0.69,0.45,0.31,0.13,0.23,"206,083",1.2,"57,944",1.1,0,0,0.25,0.35,0.2,0.29,0.48,0,0.17,0.6
53061051916,0.25,0.04,0.55,0.12,0.16,0.11,0.14,"301,626",1.3,"17,894",1,0,0,0.93,0.97,0.77,0.25,0.51,0,0.07,0.74
53061050600,0.25,0.05,0.35,0.03,0.11,0.05,0.04,"224,887",1.2,"8,283",0.9,0,0,0.51,0.9,0.37,0.21,0.66,0,0,0.95
53033031400,0.25,0.11,0.8,0.45,0.34,0.17,0.33,"45,980",1.1,"4,181",0.8,0,0,0.38,0.45,0.32,0.17,0.63,0,0.05,0.64
53033032213,0.25,0.06,0.28,0.07,0.1,0.06,0.05,"101,213",1.2,607,0.6,0,0,1.77,1.77,1.82,0.12,0.58,0,0.01,0.81
53061052104,0.25,0.03,0.68,0.19,0.21,0.1,0.18,"119,829",1.2,237,0.5,0,0,1.75,1.59,1.67,0.49,1.05,0,0.11,0.62
53035090101,0.25,0.01,0.73,0.15,0.26,0.14,0.28,"21,927",1,11,0.2,0,0,4.4,4.42,1.37,0.62,4.08,0,0,0.58
53033008300,0.24,0.03,0.42,0.72,0.36,0.18,0.29,"1,000,790",1.4,"582,379",1.3,0.14,1,0.14,0.12,0.1,0.05,0.8,0,0.1,0.57
53033006600,0.24,0.02,0.25,0.75,0.25,0.15,0.18,"909,063",1.4,"470,407",1.3,0.06,0.44,0.26,0.31,0.11,0.09,0.37,0,0.02,0.78
53033003800,0.24,0.05,0.28,0.28,0.23,0.18,0.13,"821,834",1.4,"386,132",1.3,0,0,0.33,0.4,0.29,0.3,0.51,0,0.01,0.86
53033022701,0.24,0.1,0.3,0.6,0.18,0.15,0.15,"718,857",1.3,"288,651",1.3,0,0,0.5,0.51,0.21,0.13,0.36,0,0,0.66
53033000300,0.24,0.05,0.61,0.42,0.3,0.17,0.29,"611,514",1.3,"281,535",1.3,0,0.51,0.49,0.55,0.25,0.22,0.83,0,0.02,0.68
53033001400,0.24,0.04,0.48,0.41,0.25,0.17,0.21,"555,517",1.3,"323,130",1.3,0,0,0.44,0.44,0.25,0.12,0.33,0,0.03,0.69
53033011500,0.24,0.05,0.51,0.29,0.21,0.12,0.13,"547,213",1.3,"273,658",1.3,0,0,0.64,0.74,0.23,0.23,0.56,0,0.01,0.76
53033010600,0.24,0.04,0.42,0.34,0.18,0.07,0.17,"522,684",1.3,"247,108",1.2,0,0,0.43,0.72,0.32,0.24,0.4,0,0.02,0.76
53033022001,0.24,0.08,0.5,0.4,0.28,0.21,0.11,"413,762",1.3,"44,586",1.1,0,0,0.73,0.77,0.63,0.19,0.89,0,0,0.68
53061041000,0.24,0.06,0.75,0.51,0.35,0.19,0.27,"248,887",1.2,"65,063",1.1,0,0.02,0.24,0.45,0.22,0.17,0.37,0,0.17,0.59
53053072305,0.24,0.01,0.62,0.31,0.31,0.16,0.28,"237,403",1.2,"46,299",1.1,0,0,0.61,0.79,0.45,0.21,0.45,0,0.01,0.76
53061040800,0.24,0.05,0.75,0.71,0.32,0.15,0.43,"222,313",1.2,"59,145",1.1,0,0,0.26,0.26,0.16,0.19,0.65,0,0.23,0.57
53033032104,0.24,0.08,0.53,0.37,0.23,0.12,0.23,"252,495",1.2,"14,380",1,0,0,1.19,1.17,0.74,0.17,0.69,0,0.03,0.76
53053071207,0.24,0.05,0.79,0.72,0.47,0.21,0.35,"207,972",1.2,"17,046",1,0,0,0.33,0.29,0.32,0.37,0.63,0,0.19,0.52
53061052804,0.24,0.05,0.89,0.29,0.23,0.13,0.25,"88,542",1.1,"14,762",1,0,0,0.81,0.62,0.55,1.22,0.67,0,0.17,0.56
53033032326,0.24,0.07,0.33,0.16,0.1,0.08,0.1,"272,586",1.3,"10,284",0.9,0,0,1.85,1.45,1.42,0.24,0.82,0,0,0.75
53061052114,0.24,0.04,0.5,0.05,0.14,0.1,0.07,"251,807",1.2,"9,119",0.9,0,0,0.96,1,0.84,0.43,0.64,0,0,0.82
53053073301,0.24,0.03,0.83,0.56,0.28,0.15,0.34,"249,265",1.2,"5,464",0.9,0,0.04,0.45,0.43,0.38,0.13,0.57,0,0.13,0.53
53061052806,0.24,0.04,0.86,0.26,0.26,0.11,0.23,"92,333",1.1,"6,970",0.9,0,0,0.83,0.8,0.68,0.73,0.35,0,0.52,0.57
53035080900,0.24,0.04,0.77,0.42,0.33,0.18,0.37,"87,841",1.1,"2,097",0.8,0,0,0.85,0.93,0.52,0.5,0.79,0,0.09,0.48
53033031604,0.24,0.03,0.56,0.14,0.16,0.1,0.11,"81,142",1.1,"1,450",0.7,0,0,1.26,1.28,0.75,0.22,0.69,0,0.02,0.65
53061052705,0.24,0.04,0.69,0.15,0.11,0.07,0.1,"87,833",1.1,263,0.6,0,0,0.86,1.09,1.87,0.2,1.43,0,0.16,0.66
53053071205,0.24,0.04,0.66,0.16,0.16,0.06,0.21,"268,364",1.3,137,0.5,0,0,0.91,1.77,1.64,0.93,0.91,0,0.03,0.66
53053940001,0.24,0.03,0.54,0.17,0.15,0.08,0.12,"236,389",1.2,180,0.5,0,0,1.98,0.8,0.78,0.28,0.61,0,0.02,0.77
53033031301,0.24,0.08,0.82,0.26,0.19,0.11,0.27,"64,486",1.1,39,0.4,0,0,1.08,1.31,1.36,0.5,0.78,0,0.04,0.61
53053073114,0.23,0.01,0.91,0.27,0.25,0.13,0.33,"44,641",1.1,0,0,0,0,1.64,1.68,1.71,2.67,1.1,0,0,0.51
53033003600,0.23,0.02,0.2,0.72,0.3,0.13,0.28,"867,580",1.4,"487,638",1.3,0,0.49,0.18,0.31,0.11,0.11,0.33,0,0.03,0.76
53033002700,0.23,0.04,0.26,0.29,0.13,0.06,0.12,"816,234",1.4,"444,067",1.3,0,0,0.59,0.47,0.22,0.18,0.43,0,0.01,0.74
53033002200,0.23,0.04,0.23,0.13,0.16,0.08,0.07,"771,752",1.4,"165,931",1.2,0,0,0.51,0.67,0.65,0.11,0.5,0,0,0.93
53033000900,0.23,0.04,0.25,0.12,0.14,0.09,0.09,"550,070",1.3,"150,543",1.2,0,0,0.89,0.96,0.65,0.08,0.48,0,0,0.96
53033022003,0.23,0.02,0.54,0.32,0.25,0.14,0.15,"430,825",1.3,"81,455",1.1,0,0,0.45,0.47,0.53,0.14,0.34,0,0.01,0.62
53033020200,0.23,0.04,0.45,0.28,0.3,0.17,0.18,"312,526",1.3,"68,021",1.1,0,0,0.44,0.42,0.27,0.31,0.49,0,0.01,0.77
53053061001,0.23,0.02,0.59,0.3,0.25,0.18,0.24,"199,104",1.2,"44,016",1.1,0,0,0.77,0.58,0.5,0.22,0.46,0,0.15,0.76
53033024601,0.23,0.03,0.18,0.06,0.1,0.08,0.04,"553,593",1.3,"21,843",1,0,0,0.72,0.74,0.76,0.17,0.49,0,0,0.93
53061050101,0.23,0.05,0.7,0.18,0.18,0.1,0.13,"265,324",1.2,"28,846",1,0,0,1.2,1.3,1.02,0.24,0.78,0,0.05,0.74
53033024602,0.23,0.06,0.16,0.05,0.06,0.04,0.07,"404,515",1.3,"7,415",0.9,0,0,0.56,0.56,0.56,0.15,0.41,0,0.01,0.95
53061051913,0.23,0.05,0.59,0.16,0.18,0.12,0.15,"319,104",1.3,"6,829",0.9,0,0,1.02,1.03,1.01,0.21,0.71,0,0.02,0.74
53035080300,0.23,0.02,0.83,0.73,0.37,0.18,0.34,"79,859",1.1,"6,232",0.9,0,0,0.45,0.64,0.35,0.24,0.84,0,0.05,0.46
53053070315,0.23,0.01,0.64,0.12,0.12,0.07,0.15,"197,804",1.2,"2,353",0.8,0,0,0.96,1.07,0.81,0.45,2.71,0,0.18,0.73
53035092300,0.23,0.01,0.88,0.46,0.34,0.18,0.38,"30,736",1,"4,526",0.8,0,0.01,0.44,0.46,0.44,0.37,0.7,0,0.11,0.52
53053940009,0.23,0.02,0.73,0.32,0.2,0.11,0.18,"323,012",1.3,"1,493",0.7,0,0,1.24,1.07,1.09,0.69,0.94,0,0.19,0.71
53033031800,0.23,0.05,0.63,0.1,0.16,0.08,0.13,"270,406",1.3,18,0.3,0,0,1.95,1.49,1.45,0.29,1.26,0,0.02,0.75
53033031605,0.22,0.02,0.69,0.1,0.2,0.12,0.15,"103,734",1.2,0,0,0,0,2.29,2.31,1.23,0.29,0.97,0,0.04,0.8
53061053101,0.22,0.07,0.81,0.32,0.2,0.13,0.26,"48,520",1.1,0,0,0,0,2.04,2.1,0.98,1.62,3.36,0,0.04,0.71
53035092801,0.22,0.02,0.78,0.17,0.15,0.1,0.19,"32,409",1,0,0,0,0,1.52,1.43,1.22,1.32,0.89,0,0.07,0.67
53033022702,0.22,0.03,0.33,0.24,0.18,0.15,0.14,"705,090",1.3,"397,948",1.3,0,0,0.53,0.54,0.43,0.16,0.23,0,0.01,0.65
53033000402,0.22,0.04,0.46,0.54,0.34,0.15,0.21,"582,222",1.3,"305,985",1.3,0,0,0.46,0.57,0.26,0.21,0.45,0,0.02,0.61
53033012100,0.22,0.03,0.46,0.12,0.11,0.04,0.04,"330,627",1.3,"59,116",1.1,0.01,0.08,1.11,1.12,0.88,0.11,0.53,0,0,0.87
53061050800,0.22,0.03,0.59,0.29,0.24,0.11,0.17,"310,354",1.3,"51,869",1.1,0,0,0.36,0.36,0.39,0.27,0.49,0,0.23,0.71
53033028600,0.22,0.02,0.49,0.28,0.21,0.11,0.16,"427,543",1.3,"22,423",1,0,0,0.61,0.37,0.37,0.14,0.77,0,0.07,0.81
53061040500,0.22,0.04,0.83,0.39,0.34,0.21,0.38,"219,475",1.2,"31,394",1,0,0.05,0.43,0.34,0.43,0.24,0.31,0,0.01,0.53
53035081100,0.22,0.03,0.83,0.52,0.38,0.14,0.38,"87,817",1.1,"25,109",1,0,0,0.41,0.31,0.22,0.21,0.53,1,0.08,0.42
53035081200,0.22,0.02,0.82,0.67,0.39,0.25,0.44,"84,872",1.1,"31,339",1,0,0,0.42,0.48,0.16,0.15,1.2,1,0.02,0.43
53053940010,0.22,0.05,0.81,0.46,0.21,0.14,0.28,"317,487",1.3,"7,772",0.9,0,0,0.99,0.9,0.9,0.61,0.98,0,0.18,0.46
53033032207,0.22,0.04,0.27,0.1,0.06,0.06,0.09,"200,009",1.2,"5,103",0.9,0,0,1.13,1.14,0.66,0.3,0.74,0,0.05,0.81
53035091204,0.22,0.03,0.68,0.53,0.31,0.15,0.24,"83,734",1.1,"8,738",0.9,0,0,0.75,0.68,0.82,0.47,0.62,0,0.04,0.57
53061052204,0.22,0.08,0.71,0.19,0.22,0.08,0.14,"77,036",1.1,"5,861",0.9,0,0,0.41,0.61,0.55,0.08,0.41,0,0.01,0.6
53033032005,0.22,0.05,0.74,0.12,0.2,0.11,0.16,"172,620",1.2,"4,357",0.8,0,0,1.05,1.23,0.87,0.09,0.46,0,0.03,0.55
53033032008,0.22,0.02,0.7,0.13,0.21,0.07,0.08,"114,704",1.2,"3,201",0.8,0,0,1.37,1.45,0.58,0.38,1.33,0,0.01,0.68
53033032011,0.22,0.03,0.59,0.15,0.12,0.05,0.06,"92,814",1.1,"4,151",0.8,0,0,0.76,0.82,0.71,0.07,0.64,0,0.02,0.82
53035091400,0.22,0.01,0.67,0.22,0.13,0.1,0.12,"86,294",1.1,"2,700",0.8,0,0,1.11,1.29,0.85,0.64,0.96,0,0.04,0.59
53061052707,0.22,0.02,0.7,0.19,0.17,0.13,0.09,"100,963",1.2,"1,706",0.7,0,0,1.26,1.26,1.29,0.55,0.98,0,0.24,0.71
53033032602,0.22,0.02,0.35,0.12,0.08,0.04,0.03,"75,144",1.1,152,0.5,0,0,0.78,0.73,0.53,0.3,1.2,0,0.03,0.83
53053070311,0.21,0.04,0.83,0.08,0.19,0.1,0.3,"85,145",1.1,0,0,0,0,0.74,0.77,0.7,0.44,0.8,0,0.02,0.64
53053073115,0.21,0.02,0.85,0.15,0.2,0.08,0.32,"45,965",1.1,0,0,0,0,2.32,2.37,2.42,1.5,0.22,0,0,0.6
53033005400,0.21,0.01,0.18,0.55,0.18,0.08,0.18,"872,643",1.4,"449,709",1.3,0,0,0.48,0.43,0.11,0.15,0.34,0,0.04,0.8
53033003900,0.21,0.04,0.29,0.24,0.11,0.07,0.13,"812,346",1.4,"305,112",1.3,0,0,0.36,0.4,0.67,0.16,0.34,0,0,0.79
53033022500,0.21,0.05,0.3,0.42,0.21,0.14,0.14,"595,484",1.3,"245,296",1.2,0,0,0.35,0.38,0.26,0.11,0.44,0,0.01,0.72
53033009600,0.21,0.02,0.37,0.49,0.24,0.17,0.13,"556,992",1.3,"193,559",1.2,0.08,0.4,0.47,0.5,0.35,0.09,0.51,0,0.02,0.8
53053061100,0.21,0.03,0.71,0.45,0.28,0.2,0.24,"227,447",1.2,"79,357",1.1,0,0,0.26,0.39,0.34,0.18,0.45,0,0.1,0.6
53061052005,0.21,0.06,0.47,0.35,0.21,0.08,0.09,"273,624",1.3,"17,816",1,0,0,0.6,0.59,0.64,0.02,0.8,0,0,0.67
53053073302,0.21,0.01,0.72,0.41,0.18,0.09,0.23,"266,849",1.2,"24,167",1,0.17,0.33,0.42,0.44,0.35,0.17,0.48,0,0.03,0.67
53033032317,0.21,0.07,0.29,0.15,0.12,0.08,0.06,"213,827",1.2,"20,609",1,0,0,1.19,1.19,1.11,0.4,0.5,0,0.02,0.72
53053060904,0.21,0.07,0.79,0.69,0.3,0.13,0.4,"199,479",1.2,"11,862",0.9,0,0,0.51,0.42,0.5,0.27,0.42,0,0.11,0.6
53035080400,0.21,0.04,0.68,0.39,0.25,0.16,0.28,"77,694",1.1,"6,096",0.9,0,0,0.91,1.22,0.51,0.29,1.39,0,0.03,0.52
53061051917,0.21,0.02,0.54,0.1,0.16,0.11,0.07,"302,777",1.3,"3,055",0.8,0,0,1.23,1.21,1,0.25,0.26,0,0.01,0.76
53033022300,0.21,0.04,0.25,0.06,0.11,0.09,0.04,"289,463",1.3,"3,432",0.8,0,0,1.06,1.11,0.68,0.07,0.89,0,0.03,0.93
53033031000,0.21,0.05,0.55,0.18,0.12,0.08,0.08,"228,532",1.2,"4,172",0.8,0,0,1.2,1.17,0.9,0.27,0.65,0,0.01,0.74
53035940100,0.21,0.01,0.68,0.22,0.26,0.17,0.27,"45,828",1.1,"3,043",0.8,0,0,3.13,1.45,0.82,1.18,1.31,0,0,0.67
53053071100,0.21,0.06,0.82,0.31,0.22,0.12,0.29,"263,186",1.2,978,0.7,0,0,0.93,1.25,1.06,0.32,0.61,0,0,0.69
53053073113,0.2,0.02,0.8,0.23,0.12,0.05,0.14,"65,779",1.1,0,0,0,0,1.26,1.35,0.9,1.46,1.41,0,0.05,0.62
53053073116,0.2,0.01,0.85,0.22,0.25,0.09,0.24,"42,134",1.1,0,0,0,0,1.81,1.83,1.73,0.02,1.41,0,0,0.72
53033004500,0.2,0.01,0.29,0.37,0.22,0.13,0.24,"889,566",1.4,"440,040",1.3,0,0.27,0.4,0.39,0.23,0.15,0.23,0,0.01,0.69
53033002600,0.2,0.02,0.27,0.35,0.19,0.12,0.18,"847,055",1.4,"462,499",1.3,0,0.49,0.44,0.45,0.19,0.19,0.68,0,0.02,0.81
53033024100,0.2,0.04,0.22,0.08,0.15,0.11,0.07,"845,244",1.4,"404,381",1.3,0,0,0.89,0.89,0.82,0.25,0.72,0,0,0.82
53033003500,0.2,0.02,0.26,0.45,0.25,0.13,0.14,"786,041",1.4,"432,674",1.3,0,0,0.88,0.51,0.16,0.18,0.44,0,0.01,0.88
53053073407,0.2,0.01,0.73,0.53,0.25,0.12,0.28,"305,283",1.3,"43,166",1.1,0.23,0.56,0.4,0.32,0.26,0.35,0.43,0,0.08,0.54
53061040300,0.2,0.01,0.75,0.46,0.44,0.29,0.42,"210,888",1.2,"39,889",1.1,0,0,0.25,0.29,0.24,0.29,0.4,0,0.02,0.61
53061052805,0.2,0.02,0.84,0.32,0.36,0.21,0.21,"94,917",1.1,"22,029",1,0,0,0.45,0.42,0.29,1.29,0.44,0,0.45,0.63
53033032322,0.2,0.05,0.33,0.08,0.07,0.03,0.04,"281,220",1.3,"5,760",0.9,0,0,2.06,1.49,1.42,0.51,0.6,0,0.03,0.77
53061052803,0.2,0.06,0.84,0.24,0.33,0.12,0.23,"78,172",1.1,"13,252",0.9,0,0,1.27,0.47,0.79,0.69,0.88,0,0.31,0.61
53061052604,0.2,0.04,0.72,0.39,0.2,0.12,0.24,"109,248",1.2,"4,358",0.8,0,0,0.49,0.5,0.47,0.55,0.82,0,0.04,0.65
53035092400,0.2,0.03,0.77,0.46,0.31,0.09,0.36,"27,804",1,"3,866",0.8,0,0,0.63,0.76,0.38,0.32,0.38,1,0.05,0.6
53061052606,0.2,0.01,0.74,0.3,0.33,0.17,0.27,"83,426",1.1,668,0.7,0,0,2.04,2.09,0.97,0.28,2.57,0,0.06,0.7
53061053507,0.2,0.03,0.78,0.13,0.2,0.1,0.11,"55,090",1.1,344,0.6,0,0,1.48,1.54,0.09,0.22,0.66,0,0.04,0.7
53033031603,0.2,0.02,0.64,0.14,0.19,0.12,0.12,"62,374",1.1,52,0.4,0,0,2.1,2.1,0.7,0.23,1.45,0,0.06,0.71
53053073124,0.19,0.01,0.83,0.11,0.14,0.02,0.26,"64,336",1.1,0,0,0,0,0.81,0.82,0.68,0.27,0.48,0,0.03,0.55
53035092902,0.19,0,0.83,0.18,0.23,0.11,0.32,"51,081",1.1,0,0,0,0,2.64,3.63,1.26,1.4,1.35,0,0,0.61
53033006100,0.19,0.02,0.23,0.6,0.17,0.06,0.11,"912,409",1.4,"475,115",1.3,0,0.02,0.33,0.44,0.21,0.07,0.31,0,0.02,0.74
53033007000,0.19,0.01,0.31,0.71,0.23,0.07,0.14,"881,096",1.4,"475,176",1.3,0,0,0.21,0.24,0.12,0.1,0.46,0,0.02,0.71
53033005000,0.19,0.03,0.27,0.77,0.31,0.17,0.21,"876,151",1.4,"485,761",1.3,0,0,0.19,0.24,0.12,0.15,0.21,0,0.04,0.85
53033009800,0.19,0.01,0.43,0.34,0.15,0.09,0.14,"574,219",1.3,"306,240",1.3,0,0,0.3,0.31,0.17,0.18,0.33,0,0.02,0.92
53033010500,0.19,0.03,0.43,0.59,0.22,0.14,0.17,"565,950",1.3,"348,149",1.3,0,0,0.18,0.28,0.17,0.17,0.34,0,0.04,0.77
53033005700,0.19,0.01,0.33,0.3,0.18,0.08,0.09,"558,870",1.3,"199,615",1.2,0,0,0.62,0.38,0.55,0.12,0.53,0,0.01,0.85
53033021400,0.19,0.02,0.45,0.18,0.19,0.14,0.13,"332,979",1.3,"83,356",1.1,0,0,0.57,0.57,0.44,0.38,0.41,0,0.02,0.85
53061050401,0.19,0.07,0.52,0.23,0.18,0.08,0.12,"262,300",1.2,"50,413",1.1,0,0,0.53,0.71,0.43,0.14,0.25,0,0.03,0.73
53053060700,0.19,0.02,0.42,0.35,0.27,0.21,0.25,"231,036",1.2,"65,664",1.1,0,0,0.32,0.33,0.25,0.47,0.38,0,0.1,0.55
53033022203,0.19,0.04,0.37,0.18,0.12,0.09,0.12,"373,071",1.3,"32,880",1,0,0,0.68,1.22,0.3,0.12,0.52,0,0.02,0.77
53061042003,0.19,0.04,0.55,0.11,0.13,0.09,0.06,"259,268",1.2,"22,129",1,0,0,1.45,1.46,1.33,0.34,0.4,0,0.02,0.75
53061041301,0.19,0.04,0.52,0.21,0.19,0.15,0.1,"242,084",1.2,"17,090",1,0.07,0.28,0.8,2.53,0.39,0.22,0.46,0,0.02,0.79
53061042001,0.19,0.05,0.52,0.27,0.18,0.14,0.11,"251,471",1.2,"11,929",0.9,0,0,0.85,1.59,0.6,0.1,0.59,0,0,0.8
53061052904,0.19,0.06,0.84,0.29,0.26,0.11,0.27,"95,639",1.1,"6,193",0.9,0,0,0.4,0.77,0.81,0.15,0.34,0,0.37,0.55
53033032328,0.19,0.02,0.4,0.09,0.12,0.08,0.09,"330,832",1.3,"2,226",0.8,0,0,1.43,1.47,1.9,0.84,0.77,0,0,0.77
53061052118,0.19,0.05,0.57,0.15,0.13,0.12,0.13,"252,734",1.2,"4,050",0.8,0,0,0.75,0.76,0.73,0.48,0.68,0,0.01,0.74
53035092100,0.19,0.02,0.71,0.22,0.26,0.07,0.25,"32,173",1,142,0.5,0,0,2.16,1.85,1.35,1.15,2.04,0,0.04,0.69
53035092600,0.19,0.02,0.72,0.2,0.18,0.09,0.26,"17,774",1,225,0.5,0,0,2.33,2.65,0.8,0.78,0.77,0,0.01,0.74
53053072504,0.19,0.02,0.63,0.18,0.16,0.1,0.12,"110,701",1.2,66,0.4,0,0,1.09,1.43,1.33,0.46,1.58,0,0.02,0.6
53033031601,0.18,0.03,0.65,0.07,0.17,0.09,0.13,"130,745",1.2,0,0,0,0,2.22,2.29,1.34,0.78,1.28,0,0,0.68
53053070312,0.18,0,0.7,0.1,0.11,0.08,0.13,"112,491",1.2,0,0,0,0,1.04,0.94,1.01,0.22,0.76,0,0.03,0.71
53053072503,0.18,0.01,0.69,0.11,0.17,0.1,0.2,"58,528",1.1,0,0,0,0,0.78,0.83,1.87,0.85,1.17,0,0,0.64
53033006200,0.18,0.01,0.16,0.17,0.11,0.07,0.08,"912,625",1.4,"545,504",1.3,0.02,0.18,0.64,0.83,0.37,0.08,0.28,0,0,0.84
53033006000,0.18,0.01,0.23,0.47,0.14,0.05,0.15,"841,825",1.4,"452,488",1.3,0,0,0.55,0.44,0.2,0.06,0.62,0,0.04,0.72
53033005900,0.18,0.01,0.21,0.41,0.21,0.16,0.2,"754,635",1.4,"397,934",1.3,0,0,0.72,0.37,0.41,0.18,0.49,0,0.05,0.54
53033004700,0.18,0.04,0.33,0.75,0.23,0.07,0.17,"682,016",1.3,"435,860",1.3,0,0,0.13,0.19,0.13,0.17,0.5,0,0.04,0.77
53033001600,0.18,0.03,0.36,0.2,0.19,0.12,0.13,"530,328",1.3,"298,394",1.3,0,0,0.46,0.49,0.42,0.09,0.37,0,0.03,0.88
53033009701,0.18,0.02,0.31,0.46,0.27,0.14,0.12,"462,716",1.3,"172,345",1.2,0,0,0.93,0.97,1.01,0.1,0.41,0,0.03,0.7
53033012000,0.18,0.01,0.51,0.18,0.19,0.09,0.11,"382,331",1.3,"95,298",1.1,0,0.02,0.7,0.71,0.57,0.24,0.38,0,0.01,0.82
53033032103,0.18,0.07,0.52,0.55,0.24,0.11,0.25,"310,226",1.3,"38,950",1.1,0,0,0.85,0.76,0.58,0.21,0.67,0,0.18,0.7
53061050402,0.18,0.06,0.56,0.29,0.21,0.12,0.1,"287,540",1.3,"53,530",1.1,0,0,0.47,0.7,0.37,0.23,0.43,0,0.14,0.7
53033021500,0.18,0.02,0.4,0.09,0.14,0.09,0.09,"276,944",1.3,"46,550",1.1,0,0,0.74,0.81,0.53,0.22,0.74,0,0.02,0.84
53033020800,0.18,0.04,0.41,0.24,0.17,0.1,0.12,"273,093",1.3,"40,099",1.1,0,0,0.39,0.46,0.41,0.24,0.83,0,0.01,0.83
53033023404,0.18,0.02,0.27,0.15,0.06,0.04,0.06,"369,955",1.3,"29,970",1,0,0,1.56,1.24,1.46,0.06,0.7,0,0.01,0.82
53033022201,0.18,0.07,0.56,0.26,0.32,0.2,0.15,"320,943",1.3,"31,160",1,0,0,0.55,0.54,0.54,0.23,0.34,0,0.01,0.72
53053073408,0.18,0.02,0.78,0.36,0.26,0.15,0.29,"307,037",1.3,"18,339",1,0,0.08,0.84,0.67,0.49,0.31,0.41,0,0.02,0.73
53033020100,0.18,0.03,0.4,0.12,0.17,0.11,0.14,"232,863",1.2,"30,043",1,0,0,1.01,1.04,0.26,0.1,0.64,0,0.02,0.83
53061040900,0.18,0.03,0.6,0.34,0.22,0.08,0.19,"221,124",1.2,"29,775",1,0,0,1.1,1.17,1.1,0.22,0.55,0,0.04,0.74
53061052401,0.18,0.03,0.72,0.35,0.21,0.15,0.31,"172,510",1.2,"14,371",1,0,0,0.34,0.34,0.3,0.18,0.45,0,0.07,0.67
53061052906,0.18,0.06,0.83,0.41,0.36,0.16,0.29,"95,564",1.1,"10,625",0.9,0,0,0.78,0.46,0.55,0.38,0.32,0,0.66,0.58
53053072407,0.18,0.03,0.53,0.45,0.27,0.14,0.19,"198,734",1.2,"2,309",0.8,0,0,0.71,0.75,0.68,0.18,1.62,0,0.01,0.73
53061052603,0.18,0.01,0.75,0.34,0.22,0.08,0.29,"83,451",1.1,"3,951",0.8,0,0,1.57,1.51,1.04,0.21,0.55,0,0.04,0.75
53053940004,0.18,0.02,0.76,0.2,0.21,0.12,0.24,"280,799",1.3,519,0.6,0,0,1.1,1.21,0.76,0.42,0.94,0,0,0.63
53033032010,0.18,0.02,0.54,0.21,0.15,0.05,0.09,"124,535",1.2,409,0.6,0,0,0.46,0.46,0.38,0.08,0.56,0,0.02,0.8
53061052709,0.18,0.03,0.81,0.16,0.2,0.09,0.19,"70,246",1.1,120,0.5,0,0,2.25,2.28,2.21,0.84,1.87,0,0.02,0.63
53035091302,0.18,0,0.66,0.21,0.1,0.05,0.07,"79,997",1.1,50,0.4,0,0,1.77,1.72,1.11,0.67,1.26,0,0.05,0.77
53053070404,0.17,0.02,0.74,0.11,0.17,0.06,0.22,"82,159",1.1,0,0,0,0,0.99,0.7,0.85,0.57,0.77,0,0.01,0.67
53053070204,0.17,0.01,0.91,0.25,0.23,0.11,0.26,"76,884",1.1,0,0,0,0,1.74,1.78,1.76,0.51,2.19,0,0,0.52
53053070205,0.17,0.05,0.79,0.18,0.18,0.1,0.23,"63,119",1.1,0,0,0,0,2.33,2.43,1.13,0.61,1.53,0,0,0.63
53033005100,0.17,0.04,0.23,0.35,0.13,0.05,0.12,"883,917",1.4,"476,635",1.3,0,0,0.32,0.37,0.17,0.14,0.42,0,0.02,0.9
53033004200,0.17,0.04,0.21,0.24,0.16,0.11,0.14,"813,788",1.4,"341,477",1.3,0,0,0.9,0.38,0.24,0.15,0.35,0,0.03,0.82
53033003200,0.17,0.02,0.26,0.51,0.24,0.1,0.17,"559,909",1.3,"361,169",1.3,0,0,0.57,0.4,0.17,0.15,0.32,0,0.04,0.88
53053060500,0.17,0.01,0.44,0.26,0.09,0.03,0.13,"227,378",1.2,"36,650",1.1,0,0,0.56,0.4,0.23,0.14,0.35,0,0.02,0.77
53033022101,0.17,0.05,0.39,0.19,0.18,0.1,0.17,"264,680",1.2,"18,620",1,0,0,0.74,0.74,0.45,0.33,0.53,0,0.05,0.82
53061050300,0.17,0.06,0.5,0.13,0.21,0.15,0.11,"258,418",1.2,"31,351",1,0,0,0.91,0.91,0.43,0.21,0.26,0,0.03,0.86
53061040100,0.17,0.01,0.65,0.28,0.22,0.1,0.16,"202,096",1.2,"34,716",1,0,0,0.34,0.42,0.24,0.17,0.63,0,0.05,0.68
53061052503,0.17,0.04,0.77,0.18,0.29,0.14,0.15,"120,056",1.2,"7,687",0.9,0,0,0.74,0.73,0.51,0.78,0.42,0,0.09,0.75
53033030404,0.17,0.06,0.75,0.12,0.24,0.15,0.25,"339,861",1.3,"1,325",0.7,0,0,1.12,1.49,0.88,0.45,0.63,0,0.1,0.58
53061052708,0.17,0.03,0.75,0.18,0.15,0.06,0.13,"90,229",1.1,"1,438",0.7,0,0,0.78,0.97,0.79,0.12,0.72,0,0.04,0.69
53053071210,0.17,0.04,0.6,0.14,0.08,0.05,0.1,"175,922",1.2,585,0.6,0,0,1.52,1.77,1.57,0.44,0.8,0,0.08,0.81
53033031904,0.17,0.03,0.67,0.13,0.16,0.11,0.13,"145,256",1.2,228,0.5,0,0,3.71,3.79,2.42,0.6,0.84,0,0.01,0.78
53053073110,0.17,0.01,0.73,0.1,0.12,0.07,0.1,"141,133",1.2,206,0.5,0,0,1.3,1.45,1.49,0.71,0.51,0,0.08,0.67
53053070310,0.16,0.02,0.82,0.16,0.18,0.15,0.24,"97,722",1.1,0,0,0,0,0.57,0.6,0.62,0.26,0.77,0,0.07,0.59
53033032500,0.16,0.02,0.55,0.21,0.15,0.07,0.16,"62,722",1.1,0,0,0,0,5.16,4.81,0.94,0.63,2.13,0,0.04,0.75
53033032402,0.16,0.01,0.57,0.13,0.18,0.06,0.08,"42,771",1.1,0,0,0,0,0.97,1.02,0.91,0.83,0.86,0,0.02,0.74
53033006500,0.16,0.02,0.26,0.56,0.19,0.07,0.08,"922,802",1.4,"449,949",1.3,0,0.31,0.28,0.34,0.15,0.11,0.31,0,0.03,0.85
53033004800,0.16,0.01,0.24,0.44,0.14,0.08,0.12,"789,816",1.4,"426,453",1.3,0,0,0.52,0.42,0.23,0.11,0.46,0,0.02,0.77
53033003300,0.16,0.02,0.3,0.52,0.19,0.09,0.12,"637,038",1.3,"397,427",1.3,0,0,0.46,0.2,0.18,0.13,0.28,0,0.08,0.85
53033003000,0.16,0.02,0.32,0.32,0.18,0.08,0.13,"594,678",1.3,"397,123",1.3,0,0,0.4,0.35,0.19,0.18,0.3,0,0.02,0.91
53033004100,0.16,0.05,0.18,0.33,0.15,0.1,0.12,"787,967",1.4,"221,591",1.2,0,0,0.39,0.69,0.34,0.16,0.3,0,0,0.86
53033000800,0.16,0.02,0.39,0.28,0.2,0.11,0.12,"549,716",1.3,"194,740",1.2,0,0,0.67,0.78,0.65,0.13,0.26,0,0,0.86
53033009702,0.16,0.02,0.38,0.16,0.16,0.1,0.1,"525,028",1.3,"226,528",1.2,0,0,0.48,0.52,0.85,0.15,0.37,0,0.01,0.85
53033022400,0.16,0.03,0.25,0.38,0.15,0.09,0.09,"432,911",1.3,"105,082",1.2,0,0,0.55,0.64,0.45,0.15,0.49,0,0.01,0.77
53061050500,0.16,0.02,0.46,0.32,0.28,0.16,0.17,"237,646",1.2,"44,215",1.1,0.09,0.37,0.32,1.03,0.21,0.16,0.76,0,0.06,0.86
53053071206,0.16,0.05,0.76,0.4,0.24,0.15,0.21,"243,550",1.2,"12,227",0.9,0,0,0.49,0.57,0.56,0.9,0.83,0,0.11,0.65
53053071209,0.16,0.02,0.64,0.12,0.17,0.12,0.21,"180,807",1.2,"5,331",0.9,0,0,0.96,0.95,1.13,0.14,0.46,0,0,0.78
53053070703,0.16,0.03,0.8,0.46,0.27,0.12,0.2,"346,008",1.3,"4,182",0.8,0,0,0.7,0.75,0.29,0.24,0.54,0,0.08,0.57
53061051914,0.16,0.03,0.59,0.12,0.12,0.06,0.07,"308,960",1.3,"3,242",0.8,0,0,0.77,0.77,0.38,0.29,0.45,0,0.03,0.7
53053072507,0.16,0.02,0.44,0.41,0.19,0.13,0.17,"182,962",1.2,"3,420",0.8,0,0,0.86,0.62,0.22,0.15,0.93,0,0.03,0.66
53053073500,0.16,0.03,0.72,0.23,0.19,0.1,0.19,"306,259",1.3,916,0.7,0,0,1.18,0.96,1.04,0.48,1.07,0,0.21,0.71
53035090202,0.16,0.02,0.59,0.15,0.15,0.08,0.1,"57,112",1.1,951,0.7,0,0,2.6,2.59,1.47,1.15,2.57,0,0.02,0.71
53061053802,0.16,0.04,0.78,0.3,0.28,0.13,0.24,"13,103",0.9,899,0.7,0,0,1,0.86,0.64,1.06,1.39,0,0.08,0.57
53035090102,0.16,0.02,0.56,0.25,0.24,0.1,0.15,"18,096",1,617,0.6,0,0.02,3.17,3.03,0.99,0.71,2.31,0,0.04,0.69
53035090400,0.16,0.02,0.68,0.13,0.18,0.09,0.14,"79,867",1.1,191,0.5,0,0,1.18,1.59,1.22,1.02,1.11,0,0.04,0.67
53033032315,0.15,0.04,0.47,0.16,0.11,0.05,0.11,"179,176",1.2,0,0,0,0,1.71,1.71,1.66,0.69,2.65,0,0,0.78
53061052112,0.15,0.03,0.6,0.11,0.14,0.08,0.08,"141,791",1.2,0,0,0,0,2.68,2.76,0.86,0.59,1.43,0,0,0.76
53061052607,0.15,0,0.67,0.13,0.14,0.04,0.1,"109,468",1.2,0,0,0,0,1.21,1.21,1.09,0.66,1.8,0,0.12,0.77
53053070203,0.15,0.01,0.78,0.13,0.19,0.07,0.17,"81,562",1.1,0,0,0,0,1.19,1.21,1.12,0.56,1.54,0,0.07,0.79
53053070403,0.15,0.03,0.86,0.26,0.17,0.08,0.28,"76,670",1.1,0,0,0,0,0.66,0.66,0.59,0.49,1.05,0,0.05,0.59
53035092701,0.15,0,0.74,0.15,0.17,0.09,0.15,"28,305",1,0,0,0,0,2.37,2.6,1.97,0.65,1.45,0,0,0.76
53033031501,0.15,0.05,0.78,0.28,0.15,0.1,0.13,"26,758",1,0,0,0,0,4.71,4.61,3.68,0.9,5.72,0,0,0.68
53035940000,0.15,0.01,0.65,0.24,0.25,0.14,0.26,"21,629",1,0,0,0,0,3.61,3.34,1.33,0.69,2.6,0,0,0.68
53053073006,0.15,0.02,0.88,0.16,0.24,0.07,0.24,"6,447",0.9,0,0,0,0,4.82,5.76,3.65,2.56,NA,0,0,0.64
53033004900,0.15,0.02,0.23,0.81,0.2,0.07,0.18,"847,031",1.4,"473,700",1.3,0,0,0.6,0.19,0.14,0.14,0.35,0,0.08,0.71
53033002000,0.15,0.03,0.36,0.4,0.25,0.2,0.19,"839,977",1.4,"420,611",1.3,0,0,0.62,0.75,0.23,0.17,0.4,0,0,0.77
53033006800,0.15,0.03,0.18,0.54,0.18,0.11,0.11,"785,203",1.4,"432,643",1.3,0,0,0.13,0.13,0.16,0.01,0.33,0,0.02,0.81
53033000500,0.15,0.03,0.32,0.06,0.16,0.13,0.1,"506,944",1.3,"241,383",1.2,0,0,1.01,1,0.59,0.18,0.75,0,0.02,0.96
53033032319,0.15,0.01,0.46,0.63,0.29,0.11,0.15,"329,055",1.3,"44,938",1.1,0,0,0.4,0.47,0.37,0.23,0.49,0,0.08,0.64
53061050200,0.15,0.05,0.49,0.06,0.14,0.08,0.05,"264,139",1.2,"16,804",1,0,0,1.26,1.27,0.91,0.12,0.64,0,0.02,0.81
53061053509,0.15,0.04,0.93,0.46,0.3,0.16,0.34,"67,965",1.1,"11,187",0.9,0,0,0.85,0.94,0.58,0.38,1.52,0,0.1,0.55
53061052203,0.15,0.02,0.65,0.12,0.14,0.08,0.14,"54,455",1.1,"5,570",0.9,0,0,0.64,0.55,0.6,0.54,1.59,0,0.09,0.82
53033032311,0.15,0.04,0.44,0.07,0.08,0.06,0.17,"170,429",1.2,"2,850",0.8,0,0,1.76,1.84,1.75,0.38,1,0,0,0.83
53033032006,0.15,0.03,0.66,0.18,0.21,0.12,0.19,"134,687",1.2,"2,473",0.8,0,0,1.26,1.53,0.69,0.52,0.85,0,0.02,0.73
53035080700,0.15,0.01,0.73,0.28,0.25,0.15,0.25,"86,180",1.1,"3,427",0.8,0,0,0.83,0.94,0.73,0.56,0.64,0,0.07,0.51
53035090501,0.15,0.03,0.73,0.5,0.33,0.13,0.34,"76,600",1.1,"3,109",0.8,0,0,0.38,0.36,0.25,0.33,1.12,0,0.03,0.61
53033032704,0.15,0.04,0.65,0.29,0.27,0.2,0.27,"61,178",1.1,"4,209",0.8,0,0,0.34,0.34,0.31,0.25,0.69,0,0.1,0.77
53035091000,0.15,0.01,0.29,0.13,0.11,0.09,0.1,"18,824",1,"2,714",0.8,0,0.02,1.96,1.22,0.9,0.13,1.15,0,0,0.91
53033032007,0.15,0,0.66,0.16,0.16,0.08,0.14,"177,870",1.2,"1,430",0.7,0,0,1.09,1.17,0.69,0.29,0.9,0,0.03,0.64
53061053505,0.14,0.03,0.81,0.11,0.2,0.1,0.18,"37,923",1.1,0,0,0,0,2.69,2.82,2.78,1.77,2.87,0,0.01,0.71
53053073118,0.14,0.02,0.76,0.09,0.15,0.07,0.1,"31,928",1,0,0,0,0,2.82,2.93,2.67,1.93,3.04,0,0,0.74
53053072601,0.14,0.01,0.79,0.19,0.23,0.13,0.24,"25,938",1,0,0,0,0,3.87,2.44,2.39,1.13,1.8,0,0,0.6
53053073005,0.14,0.04,0.88,0.13,0.28,0.16,0.34,"17,569",1,0,0,0,0,5.33,5.39,2.25,3.13,3.97,0,0,0.67
53033006400,0.14,0.01,0.17,0.24,0.09,0.04,0.07,"929,536",1.4,"513,180",1.3,0,0,0.52,0.56,0.31,0.14,0.34,0,0,0.94
53033011600,0.14,0.02,0.39,0.28,0.2,0.13,0.12,"431,393",1.3,"159,439",1.2,0.13,0.4,0.91,0.92,0.39,0.14,0.62,0,0.01,0.8
53053060600,0.14,0.02,0.45,0.52,0.23,0.15,0.2,"247,875",1.2,"50,942",1.1,0,0,0.43,0.4,0.28,0.14,0.33,0,0.04,0.73
53053060400,0.14,0.01,0.49,0.2,0.15,0.14,0.13,"198,417",1.2,"15,763",1,0,0,0.75,0.52,0.46,0.19,0.36,0,0.02,0.74
53053060300,0.14,0.02,0.6,0.42,0.23,0.15,0.26,"189,556",1.2,"8,391",0.9,0,0.03,1.12,0.82,0.35,0.12,0.74,0,0.03,0.83
53061052402,0.14,0.03,0.75,0.6,0.39,0.2,0.33,"188,547",1.2,"13,139",0.9,0,0,0.34,0.22,0.18,0.21,0.31,1,0.21,0.62
53061052605,0.14,0.03,0.81,0.25,0.18,0.11,0.13,"75,447",1.1,"4,808",0.8,0,0,2.02,1.97,0.59,0.19,0.45,0,0.07,0.69
53061053504,0.14,0.01,0.79,0.44,0.32,0.15,0.24,"51,691",1.1,"2,992",0.8,0,0,0.46,0.41,0.36,0.46,0.44,0,0.09,0.6
53035090900,0.14,0.01,0.34,0.36,0.19,0.12,0.15,"23,476",1,"3,931",0.8,0.05,0.17,0.32,0.33,0.33,0.27,0.61,0,0.01,0.86
53053070401,0.14,0.05,0.84,0.18,0.2,0.09,0.25,"163,224",1.2,81,0.4,0,0,1.53,1.36,1.52,0.36,0.78,0,0.02,0.58
53035092901,0.13,0.01,0.81,0.15,0.23,0.18,0.29,"31,865",1,0,0,0,0,2.86,3.95,1.96,1.25,3.01,0,0,0.66
53035092000,0.13,0,0.76,0.16,0.23,0.16,0.19,"22,076",1,0,0,0,0,6.99,6.78,2.49,1.25,3.86,0,0,0.67
53033002500,0.13,0.01,0.32,0.3,0.19,0.11,0.17,"851,359",1.4,"402,694",1.3,0,0.03,0.58,0.58,0.24,0.12,0.55,0,0.01,0.86
53033006900,0.13,0.01,0.26,0.45,0.22,0.12,0.15,"765,907",1.4,"428,112",1.3,0,0,0.43,0.37,0.35,0.05,0.39,0,0.04,0.78
53033003400,0.13,0.01,0.25,0.36,0.16,0.1,0.08,"752,943",1.4,"422,781",1.3,0,0,0.78,0.51,0.14,0.28,0.34,0,0.01,0.85
53033003100,0.13,0.02,0.35,0.21,0.15,0.07,0.14,"552,178",1.3,"361,538",1.3,0,0,0.77,0.6,0.48,0.21,0.32,0,0,0.94
53033005600,0.13,0.02,0.22,0.06,0.11,0.1,0.05,"572,673",1.3,"132,177",1.2,0,0,0.48,0.5,0.49,0.11,0.54,0,0,0.94
53035090700,0.13,0.01,0.3,0.15,0.16,0.1,0.12,"27,000",1,"3,437",0.8,0,0,3.16,3.26,1.64,0.26,1.13,0,0,0.88
53035092500,0.13,0.03,0.73,0.28,0.31,0.2,0.31,"22,940",1,"3,421",0.8,0.06,0.08,0.79,0.75,0.67,0.45,0.96,0,0.05,0.71
53061053301,0.13,0.02,0.77,0.39,0.28,0.14,0.35,"33,963",1,"1,755",0.7,0,0,0.5,0.49,0.5,0.42,0.82,0,0.06,0.69
53033031204,0.12,0.02,0.68,0.18,0.18,0.11,0.11,"186,911",1.2,0,0,0,0,3,3.11,2.25,1.05,1.19,0,0,0.66
53053070309,0.12,0,0.76,0.21,0.16,0.09,0.21,"112,035",1.2,0,0,0,0,1.12,1.15,1.09,0.3,1.13,0,0.08,0.67
53053072409,0.12,0.01,0.52,0.21,0.14,0.05,0.1,"103,489",1.2,0,0,0,0,2.21,2.36,2.26,0.55,0.88,0,0,0.8
53053072405,0.12,0.03,0.47,0.16,0.07,0.06,0.09,"66,438",1.1,0,0,0,0,3.48,3.71,3.63,0.56,1.15,0,0,0.86
53035092803,0.12,0,0.7,0.09,0.26,0.12,0.33,"50,809",1.1,0,0,0,0,3.88,4.1,3.72,1.16,1.31,0,0,0.69
53033006300,0.12,0.02,0.19,0.36,0.11,0.09,0.06,"876,790",1.4,"348,135",1.3,0,0,0.29,1.6,0.27,0.19,0.32,0,0,0.88
53033004600,0.12,0.02,0.23,0.4,0.16,0.11,0.12,"864,912",1.4,"379,043",1.3,0,0,0.48,0.53,0.2,0.1,0.36,0,0,0.82
53033002800,0.12,0.01,0.24,0.42,0.21,0.1,0.17,"762,095",1.4,"443,796",1.3,0,0,0.58,0.27,0.19,0.29,0.37,0,0.01,0.82
53053073404,0.12,0.02,0.79,0.29,0.2,0.07,0.27,"271,239",1.3,"21,861",1,0.02,0.1,0.49,0.64,0.45,0.31,0.47,0,0.16,0.63
53033032320,0.12,0.03,0.4,0.08,0.08,0.05,0.03,"270,585",1.3,"5,963",0.9,0,0,1.39,1.71,0.84,0.49,0.57,0,0.01,0.85
53053072408,0.12,0.01,0.51,0.19,0.22,0.13,0.19,"190,993",1.2,"3,097",0.8,0,0,1.08,1.7,0.98,0.39,1.29,0,0,0.87
53061052504,0.12,0.02,0.82,0.21,0.26,0.09,0.18,"152,106",1.2,"2,986",0.8,0,0,1.06,0.79,0.83,1.06,1.29,0,0.12,0.74
53033032703,0.12,0.04,0.64,0.37,0.22,0.05,0.12,"69,745",1.1,"1,864",0.8,0,0,0.32,0.35,0.25,0.29,0.85,0,0.01,0.64
53061053508,0.12,0.04,0.84,0.29,0.23,0.1,0.27,"54,752",1.1,"3,822",0.8,0,0,0.77,0.72,0.49,0.36,1.11,0,0.07,0.57
53053072505,0.12,0.03,0.58,0.18,0.21,0.11,0.06,"109,165",1.2,739,0.7,0,0,1.06,1.14,0.92,0.86,1.39,0,0.04,0.89
53061052302,0.12,0.03,0.73,0.14,0.23,0.13,0.21,"102,855",1.2,872,0.7,0,0,1.54,1.74,1.49,1.46,1.24,0,0,0.74
53061051912,0.12,0.01,0.68,0.06,0.19,0.12,0.17,"205,867",1.2,619,0.6,0,0,1.72,2.33,1.15,0.11,1.19,0,0,0.82
53053073111,0.12,0.02,0.83,0.24,0.18,0.08,0.22,"124,217",1.2,395,0.6,0,0,0.63,0.88,0.63,0.79,0.65,0,0.12,0.63
53053070314,0.12,0,0.58,0.09,0.19,0.07,0.09,"189,692",1.2,174,0.5,0,0,1.14,0.93,0.81,0.81,2.19,0,0.03,0.75
53053070308,0.12,0.01,0.78,0.26,0.17,0.1,0.16,"152,683",1.2,125,0.5,0,0,0.73,0.91,0.46,0.11,0.12,0,0.16,0.65
53061052301,0.12,0.03,0.76,0.07,0.17,0.1,0.17,"62,677",1.1,116,0.5,0,0,2.85,2.66,2.57,0.72,2.44,0,0,0.72
53033032702,0.12,0.01,0.64,0.21,0.1,0.07,0.09,"48,994",1.1,227,0.5,0,0,2.83,0.84,0.56,0.35,2.02,0,0.01,0.78
53035091100,0.12,0,0.67,0.22,0.15,0.08,0.2,"75,843",1.1,10,0.2,0,0,1.9,2.47,1.16,1.15,1.34,0,0,0.71
53033032327,0.11,0.03,0.34,0.04,0.16,0.09,0.09,"209,966",1.2,0,0,0,0,1.25,1.18,1.09,0.34,1.14,0,0,0.94
53035091301,0.11,0.02,0.73,0.11,0.17,0.08,0.1,"41,716",1.1,0,0,0,0,5.88,2.98,1.64,0.76,1.88,0,0,0.7
53061053302,0.11,0,0.79,0.09,0.2,0.12,0.11,"35,197",1,0,0,0,0,1.71,1.58,1.3,0.98,1.81,0,0.02,0.74
53035092802,0.11,0,0.74,0.13,0.22,0.13,0.23,"34,661",1,0,0,0,0,4.06,4.04,4,1.37,0.91,0,0,0.76
53061052206,0.11,0.03,0.64,0.07,0.1,0.07,0.05,"26,114",1,0,0,0,0,3.58,3.62,3.67,1.42,2.8,0,0,0.78
53053070100,0.11,0.01,0.74,0.2,0.23,0.14,0.31,"24,242",1,0,0,0,0,3,2.38,2.23,1.28,4.03,0,0.01,0.58
53033002900,0.11,0.01,0.27,0.36,0.21,0.1,0.12,"685,755",1.3,"413,488",1.3,0,0,0.46,0.27,0.16,0.24,0.27,0,0.03,0.92
53061041500,0.11,0.05,0.77,0.28,0.24,0.09,0.35,"235,028",1.2,"13,589",1,0,0,0.79,0.55,0.69,0.21,0.69,0,0.16,0.55
53033032307,0.11,0.02,0.44,0.11,0.13,0.09,0.05,"235,406",1.2,"6,969",0.9,0,0,0.96,0.98,0.96,0.35,0.68,0,0,0.81
53033031502,0.11,0.02,0.76,0.17,0.19,0.1,0.19,"30,329",1,949,0.7,0,0,1.63,1.64,1.07,0.69,3.29,0,0.05,0.62
53033027701,0.11,0.03,0.46,0.32,0.25,0.13,0.22,"3,336",0.8,58,0.4,0.01,0.02,1.13,1.08,0.89,0.14,1.83,0,0.03,0.94
53061053602,0.11,0.04,0.84,0.33,0.22,0.12,0.27,"18,198",1,24,0.3,0,0,2.43,2.43,2.17,0.85,5.87,0,0.04,0.61
53053070313,0.11,0,0.78,0.2,0.18,0.09,0.24,"162,233",1.2,7,0.2,0,0,1.38,0.99,0.97,0.6,0.7,0,0.11,0.66
53033032002,0.1,0,0.72,0.18,0.18,0.15,0.11,"153,653",1.2,0,0,0,0,1.96,1.97,1.72,0.37,1.8,0,0,0.67
53053072506,0.1,0.03,0.53,0.14,0.25,0.18,0.19,"77,200",1.1,0,0,0,0,2.22,1.93,1.89,0.63,2.53,0,0.01,0.87
53053073117,0.1,0,0.83,0.2,0.19,0.13,0.29,"25,109",1,0,0,0,0,5,5.08,2.11,2.26,1.76,0,0,0.67
53061053801,0.1,0.02,0.8,0.17,0.25,0.11,0.2,"14,550",1,0,0,0,0,4.92,2.3,2.23,2.48,6.11,0,0,0.61
53053073001,0.1,0.01,0.82,0.23,0.21,0.14,0.27,"7,956",0.9,0,0,0,0,4.04,2.7,1.78,1.33,NA,0,0.04,0.62
53053072603,0.1,0.02,0.78,0.15,0.34,0.17,0.4,"3,611",0.8,0,0,0,0,8.78,7.35,2.32,0.79,1.47,0,0,0.67
53061053700,0.1,0.03,0.87,0.29,0.29,0.14,0.38, -   ,0,0,0,0,0,2.43,2.49,1.14,1.42,9.66,0,0.07,0.56
53053060800,0.1,0.02,0.65,0.25,0.16,0.11,0.14,"210,592",1.2,"52,148",1.1,0,0,0.48,0.52,0.4,0.33,0.48,0,0.02,0.72
53033027800,0.1,0.01,0.45,0.09,0.17,0.1,0.07,"391,223",1.3,"17,576",1,0,0,0.8,1.33,0.81,0.33,0.43,0,0.02,0.88
53033031302,0.1,0.01,0.79,0.34,0.28,0.14,0.35,"45,926",1.1,"3,007",0.8,0,0,0.52,0.43,0.63,0.37,0.44,0,0.02,0.74
53061053803,0.1,0.01,0.82,0.23,0.29,0.15,0.27,"7,811",0.9,"1,006",0.7,0,0,1.89,1.05,0.88,0.59,4.96,0,0.08,0.6
53061053102,0.1,0.01,0.8,0.18,0.26,0.13,0.2,"50,908",1.1,397,0.6,0,0,2.46,2.46,1.11,0.55,1.63,0,0.1,0.66
53035090201,0.1,0.03,0.6,0.12,0.11,0.07,0.08,"57,072",1.1,22,0.3,0,0,2.07,2.03,1.29,1.45,1.78,0,0.01,0.79
53061053201,0.1,0.01,0.73,0.17,0.29,0.17,0.17,"39,023",1.1,22,0.3,0,0,3.38,3.05,2.49,1.23,2.96,0,0,0.75
53053070307,0.09,0.01,0.55,0.15,0.09,0.07,0.07,"111,377",1.2,0,0,0,0,2.5,2.62,1.17,0.94,1.47,0,0,0.75
53061052113,0.09,0.01,0.6,0.04,0.16,0.11,0.05,"87,867",1.1,0,0,0,0,3.41,3.41,3.4,1.85,3.78,0,0,0.83
53061053202,0.09,0.01,0.75,0.15,0.19,0.1,0.11,"39,780",1.1,0,0,0,0,5.75,6.01,2.55,0.21,5.21,0,0,0.72
53061053400,0.09,0.01,0.81,0.15,0.14,0.1,0.17,"35,025",1,0,0,0,0,4.24,4.16,2.19,1.51,5.02,0,0.02,0.73
53035092704,0.09,0,0.72,0.2,0.12,0.06,0.13,"25,921",1,0,0,0.03,0.04,3.72,4.31,3.69,0.34,1.74,0,0,0.69
53053072410,0.09,0,0.46,0.06,0.12,0.08,0.16,"24,492",1,0,0,0,0,3.64,3.79,3.3,0.62,3.28,0,0,0.89
53053073200,0.09,0.02,0.82,0.24,0.24,0.12,0.25,"7,006",0.9,0,0,0,0,3.62,3.69,2.93,1.91,3.5,0,0.11,0.74
53061053603,0.09,0.01,0.76,0.16,0.19,0.05,0.11,"48,506",1.1,30,0.3,0,0,2.83,3.03,2.61,1.47,2.74,0,0.01,0.72
53061052207,0.09,0.01,0.77,0.12,0.15,0.09,0.16,"24,210",1,1,0.1,0,0,1.95,1.85,1.79,1.67,3.39,0,0.01,0.69
53061052108,0.08,0.01,0.62,0.13,0.18,0.12,0.18,"211,441",1.2,0,0,0,0,1.54,1.55,0.88,0.87,1.52,0,0.01,0.72
53061052701,0.08,0,0.82,0.1,0.17,0.09,0.16,"58,557",1.1,0,0,0,0,3.13,2.46,2.74,0.85,2.9,0,0.04,0.63
53033032401,0.08,0.04,0.55,0.17,0.18,0.14,0.14,"49,332",1.1,0,0,0,0,1.11,1.24,1.04,0.89,1,0,0.03,0.82
53033001500,0.08,0.01,0.31,0.22,0.1,0.07,0.07,"477,485",1.3,"276,618",1.3,0,0,0.87,0.9,0.66,0.09,0.42,0,0.01,0.93
53061052105,0.08,0.01,0.6,0.09,0.23,0.12,0.11,"134,220",1.2,922,0.7,0,0,2.41,2.87,2.05,0.33,2.74,0,0,0.82
53061053604,0.08,0.04,0.8,0.2,0.25,0.08,0.18,"47,231",1.1,210,0.5,0,0,1.27,1.37,1.25,0.94,1.9,0,0.18,0.51
53053072406,0.08,0.01,0.64,0.25,0.12,0.08,0.16,"131,054",1.2,88,0.4,0,0,2.15,2.06,1.89,0.81,1.03,0,0.02,0.91
53033032003,0.08,0.01,0.66,0.07,0.17,0.11,0.12,"97,051",1.1,43,0.4,0,0,1.57,1.55,1.46,0.36,2.25,0,0,0.79
53061052502,0.07,0.02,0.75,0.2,0.24,0.11,0.17,"167,531",1.2,"6,994",0.9,0,0,0.67,0.65,0.62,0.53,0.64,0,0.16,0.75
53035090800,0.07,0,0.28,0.2,0.14,0.08,0.09,"25,400",1,986,0.7,0,0,2.52,2.56,1.21,0.17,1.48,0,0,0.87
53033027702,0.07,0.01,0.46,0.12,0.21,0.1,0.1,"3,764",0.8,13,0.3,0.02,0.01,2.83,2.81,1.3,0.33,2.27,0,0,0.93
53033032601,0.06,0.03,0.63,0.31,0.25,0.13,0.15,"83,412",1.1,0,0,0,0,2.63,0.97,0.89,0.77,1.4,0,0.05,0.73
53053070207,0.06,0,0.84,0.29,0.28,0.13,0.32,"55,541",1.1,0,0,0,0,0.4,0.6,0.33,0.78,0.84,0,0.27,0.6
53053070206,0.06,0,0.85,0.11,0.17,0.12,0.19,"28,770",1,0,0,0,0,3.86,3.85,1.63,0.76,2.68,0,0.02,0.65
53033032800,0.06,0,0.58,0.14,0.21,0.13,0.12,"27,464",1,0,0,0,0,7.51,1.68,1.22,0.31,4,0,0.01,0.87
53053073119,0.05,0,0.9,0.06,0.1,0.05,0.2,"26,397",1,0,0,0,0,3.88,3.52,3.28,2.37,3.73,0,0,0.62
53053072602,0.05,0.01,0.72,0.17,0.24,0.14,0.24,"13,768",1,0,0,0,0,6.2,2.73,1.24,1.13,2.12,0,0.01,0.74
53061053506,0.04,0.01,0.8,0.13,0.27,0.11,0.21,"18,424",1,0,0,0,0,2.6,2.65,2.06,1.34,8.3,0,0.01,0.66
53033032102,0.04,0.02,0.49,0.1,0.18,0.09,0.15,"81,836",1.1,137,0.5,0,0,4.21,4.57,3.58,0.69,3.84,0,0,0.8
